state_code_fips,county_code_fips,region_name
01,001,Autauga County
04,001,Apache County
05,001,Arkansas County
06,001,Alameda County
08,001,Adams County
09,001,Fairfield County
10,001,Kent County
11,001,District of Columbia
12,001,Alachua County
13,001,Appling County
15,001,Hawaii County
16,001,Ada County
17,001,Adams County
18,001,Adams County
19,001,Adair County
20,001,Allen County
21,001,Adair County
22,001,Acadia Parish
23,001,Androscoggin County
24,001,Allegany County
25,001,Barnstable County
26,001,Alcona County
27,001,Aitkin County
28,001,Adams County
29,001,Adair County
30,001,Beaverhead County
31,001,Adams County
32,001,Churchill County
33,001,Belknap County
34,001,Atlantic County
35,001,Bernalillo County
36,001,Albany County
37,001,Alamance County
38,001,Adams County
39,001,Adams County
40,001,Adair County
41,001,Baker County
42,001,Adams County
44,001,Bristol County
45,001,Abbeville County
47,001,Anderson County
48,001,Anderson County
49,001,Beaver County
50,001,Addison County
51,001,Accomack County
53,001,Adams County
54,001,Barbour County
55,001,Adams County
56,001,Albany County
72,001,Adjuntas Municipio
01,003,Baldwin County
04,003,Cochise County
05,003,Ashley County
06,003,Alpine County
08,003,Alamosa County
09,003,Hartford County
10,003,New Castle County
12,003,Baker County
13,003,Atkinson County
15,003,Honolulu County
16,003,Adams County
17,003,Alexander County
18,003,Allen County
19,003,Adams County
20,003,Anderson County
21,003,Allen County
22,003,Allen Parish
23,003,Aroostook County
24,003,Anne Arundel County
25,003,Berkshire County
26,003,Alger County
27,003,Anoka County
28,003,Alcorn County
29,003,Andrew County
30,003,Big Horn County
31,003,Antelope County
32,003,Clark County
33,003,Carroll County
34,003,Bergen County
35,003,Catron County
36,003,Allegany County
37,003,Alexander County
38,003,Barnes County
39,003,Allen County
40,003,Alfalfa County
41,003,Benton County
42,003,Allegheny County
44,003,Kent County
45,003,Aiken County
46,003,Aurora County
47,003,Bedford County
48,003,Andrews County
49,003,Box Elder County
50,003,Bennington County
51,003,Albemarle County
53,003,Asotin County
54,003,Berkeley County
55,003,Ashland County
56,003,Big Horn County
72,003,Aguada Municipio
01,005,Barbour County
04,005,Coconino County
05,005,Baxter County
06,005,Amador County
08,005,Arapahoe County
09,005,Litchfield County
10,005,Sussex County
12,005,Bay County
13,005,Bacon County
15,005,Kalawao County
16,005,Bannock County
17,005,Bond County
18,005,Bartholomew County
19,005,Allamakee County
20,005,Atchison County
21,005,Anderson County
22,005,Ascension Parish
23,005,Cumberland County
24,005,Baltimore County
25,005,Bristol County
26,005,Allegan County
27,005,Becker County
28,005,Amite County
29,005,Atchison County
30,005,Blaine County
31,005,Arthur County
32,005,Douglas County
33,005,Cheshire County
34,005,Burlington County
35,005,Chaves County
36,005,Bronx County
37,005,Alleghany County
38,005,Benson County
39,005,Ashland County
40,005,Atoka County
41,005,Clackamas County
42,005,Armstrong County
44,005,Newport County
45,005,Allendale County
46,005,Beadle County
47,005,Benton County
48,005,Angelina County
49,005,Cache County
50,005,Caledonia County
51,005,Alleghany County
53,005,Benton County
54,005,Boone County
55,005,Barron County
56,005,Campbell County
72,005,Aguadilla Municipio
35,006,Cibola County
01,007,Bibb County
04,007,Gila County
05,007,Benton County
06,007,Butte County
08,007,Archuleta County
09,007,Middlesex County
12,007,Bradford County
13,007,Baker County
15,007,Kauai County
16,007,Bear Lake County
17,007,Boone County
18,007,Benton County
19,007,Appanoose County
20,007,Barber County
21,007,Ballard County
22,007,Assumption Parish
23,007,Franklin County
25,007,Dukes County
26,007,Alpena County
27,007,Beltrami County
28,007,Attala County
29,007,Audrain County
30,007,Broadwater County
31,007,Banner County
32,007,Elko County
33,007,Coos County
34,007,Camden County
35,007,Colfax County
36,007,Broome County
37,007,Anson County
38,007,Billings County
39,007,Ashtabula County
40,007,Beaver County
41,007,Clatsop County
42,007,Beaver County
44,007,Providence County
45,007,Anderson County
46,007,Bennett County
47,007,Bledsoe County
48,007,Aransas County
49,007,Carbon County
50,007,Chittenden County
51,007,Amelia County
53,007,Chelan County
54,007,Braxton County
55,007,Bayfield County
56,007,Carbon County
72,007,Aguas Buenas Municipio
01,009,Blount County
04,009,Graham County
05,009,Boone County
06,009,Calaveras County
08,009,Baca County
09,009,New Haven County
12,009,Brevard County
13,009,Baldwin County
15,009,Maui County
16,009,Benewah County
17,009,Brown County
18,009,Blackford County
19,009,Audubon County
20,009,Barton County
21,009,Barren County
22,009,Avoyelles Parish
23,009,Hancock County
24,009,Calvert County
25,009,Essex County
26,009,Antrim County
27,009,Benton County
28,009,Benton County
29,009,Barry County
30,009,Carbon County
31,009,Blaine County
32,009,Esmeralda County
33,009,Grafton County
34,009,Cape May County
35,009,Curry County
36,009,Cattaraugus County
37,009,Ashe County
38,009,Bottineau County
39,009,Athens County
40,009,Beckham County
41,009,Columbia County
42,009,Bedford County
44,009,Washington County
45,009,Bamberg County
46,009,Bon Homme County
47,009,Blount County
48,009,Archer County
49,009,Daggett County
50,009,Essex County
51,009,Amherst County
53,009,Clallam County
54,009,Brooke County
55,009,Brown County
56,009,Converse County
72,009,Aibonito Municipio
01,011,Bullock County
04,011,Greenlee County
05,011,Bradley County
06,011,Colusa County
08,011,Bent County
09,011,New London County
12,011,Broward County
13,011,Banks County
16,011,Bingham County
17,011,Bureau County
18,011,Boone County
19,011,Benton County
20,011,Bourbon County
21,011,Bath County
22,011,Beauregard Parish
23,011,Kennebec County
24,011,Caroline County
25,011,Franklin County
26,011,Arenac County
27,011,Big Stone County
28,011,Bolivar County
29,011,Barton County
30,011,Carter County
31,011,Boone County
32,011,Eureka County
33,011,Hillsborough County
34,011,Cumberland County
35,011,De Baca County
36,011,Cayuga County
37,011,Avery County
38,011,Bowman County
39,011,Auglaize County
40,011,Blaine County
41,011,Coos County
42,011,Berks County
45,011,Barnwell County
46,011,Brookings County
47,011,Bradley County
48,011,Armstrong County
49,011,Davis County
50,011,Franklin County
51,011,Appomattox County
53,011,Clark County
54,011,Cabell County
55,011,Buffalo County
56,011,Crook County
72,011,Añasco Municipio
04,012,La Paz County
01,013,Butler County
02,013,Aleutians East Borough
04,013,Maricopa County
05,013,Calhoun County
06,013,Contra Costa County
08,013,Boulder County
09,013,Tolland County
12,013,Calhoun County
13,013,Barrow County
16,013,Blaine County
17,013,Calhoun County
18,013,Brown County
19,013,Black Hawk County
20,013,Brown County
21,013,Bell County
22,013,Bienville Parish
23,013,Knox County
24,013,Carroll County
25,013,Hampden County
26,013,Baraga County
27,013,Blue Earth County
28,013,Calhoun County
29,013,Bates County
30,013,Cascade County
31,013,Box Butte County
32,013,Humboldt County
33,013,Merrimack County
34,013,Essex County
35,013,Doña Ana County
36,013,Chautauqua County
37,013,Beaufort County
38,013,Burke County
39,013,Belmont County
40,013,Bryan County
41,013,Crook County
42,013,Blair County
45,013,Beaufort County
46,013,Brown County
47,013,Campbell County
48,013,Atascosa County
49,013,Duchesne County
50,013,Grand Isle County
51,013,Arlington County
53,013,Columbia County
54,013,Calhoun County
55,013,Burnett County
56,013,Fremont County
72,013,Arecibo Municipio
08,014,Broomfield County
01,015,Calhoun County
04,015,Mohave County
05,015,Carroll County
06,015,Del Norte County
08,015,Chaffee County
09,015,Windham County
12,015,Charlotte County
13,015,Bartow County
16,015,Boise County
17,015,Carroll County
18,015,Carroll County
19,015,Boone County
20,015,Butler County
21,015,Boone County
22,015,Bossier Parish
23,015,Lincoln County
24,015,Cecil County
25,015,Hampshire County
26,015,Barry County
27,015,Brown County
28,015,Carroll County
29,015,Benton County
30,015,Chouteau County
31,015,Boyd County
32,015,Lander County
33,015,Rockingham County
34,015,Gloucester County
35,015,Eddy County
36,015,Chemung County
37,015,Bertie County
38,015,Burleigh County
39,015,Brown County
40,015,Caddo County
41,015,Curry County
42,015,Bradford County
45,015,Berkeley County
46,015,Brule County
47,015,Cannon County
48,015,Austin County
49,015,Emery County
50,015,Lamoille County
51,015,Augusta County
53,015,Cowlitz County
54,015,Clay County
55,015,Calumet County
56,015,Goshen County
72,015,Arroyo Municipio
02,016,Aleutians West Census Area
01,017,Chambers County
04,017,Navajo County
05,017,Chicot County
06,017,El Dorado County
08,017,Cheyenne County
12,017,Citrus County
13,017,Ben Hill County
16,017,Bonner County
17,017,Cass County
18,017,Cass County
19,017,Bremer County
20,017,Chase County
21,017,Bourbon County
22,017,Caddo Parish
23,017,Oxford County
24,017,Charles County
25,017,Middlesex County
26,017,Bay County
27,017,Carlton County
28,017,Chickasaw County
29,017,Bollinger County
30,017,Custer County
31,017,Brown County
32,017,Lincoln County
33,017,Strafford County
34,017,Hudson County
35,017,Grant County
36,017,Chenango County
37,017,Bladen County
38,017,Cass County
39,017,Butler County
40,017,Canadian County
41,017,Deschutes County
42,017,Bucks County
45,017,Calhoun County
46,017,Buffalo County
47,017,Carroll County
48,017,Bailey County
49,017,Garfield County
50,017,Orange County
51,017,Bath County
53,017,Douglas County
54,017,Doddridge County
55,017,Chippewa County
56,017,Hot Springs County
72,017,Barceloneta Municipio
01,019,Cherokee County
04,019,Pima County
05,019,Clark County
06,019,Fresno County
08,019,Clear Creek County
12,019,Clay County
13,019,Berrien County
16,019,Bonneville County
17,019,Champaign County
18,019,Clark County
19,019,Buchanan County
20,019,Chautauqua County
21,019,Boyd County
22,019,Calcasieu Parish
23,019,Penobscot County
24,019,Dorchester County
25,019,Nantucket County
26,019,Benzie County
27,019,Carver County
28,019,Choctaw County
29,019,Boone County
30,019,Daniels County
31,019,Buffalo County
32,019,Lyon County
33,019,Sullivan County
34,019,Hunterdon County
35,019,Guadalupe County
36,019,Clinton County
37,019,Brunswick County
38,019,Cavalier County
39,019,Carroll County
40,019,Carter County
41,019,Douglas County
42,019,Butler County
45,019,Charleston County
46,019,Butte County
47,019,Carter County
48,019,Bandera County
49,019,Grand County
50,019,Orleans County
51,019,Bedford County
53,019,Ferry County
54,019,Fayette County
55,019,Clark County
56,019,Johnson County
72,019,Barranquitas Municipio
02,020,Anchorage Municipality
01,021,Chilton County
04,021,Pinal County
05,021,Clay County
06,021,Glenn County
08,021,Conejos County
12,021,Collier County
13,021,Bibb County
16,021,Boundary County
17,021,Christian County
18,021,Clay County
19,021,Buena Vista County
20,021,Cherokee County
21,021,Boyle County
22,021,Caldwell Parish
23,021,Piscataquis County
24,021,Frederick County
25,021,Norfolk County
26,021,Berrien County
27,021,Cass County
28,021,Claiborne County
29,021,Buchanan County
30,021,Dawson County
31,021,Burt County
32,021,Mineral County
34,021,Mercer County
35,021,Harding County
36,021,Columbia County
37,021,Buncombe County
38,021,Dickey County
39,021,Champaign County
40,021,Cherokee County
41,021,Gilliam County
42,021,Cambria County
45,021,Cherokee County
46,021,Campbell County
47,021,Cheatham County
48,021,Bastrop County
49,021,Iron County
50,021,Rutland County
51,021,Bland County
53,021,Franklin County
54,021,Gilmer County
55,021,Columbia County
56,021,Laramie County
72,021,Bayamón Municipio
01,023,Choctaw County
04,023,Santa Cruz County
05,023,Cleburne County
06,023,Humboldt County
08,023,Costilla County
12,023,Columbia County
13,023,Bleckley County
16,023,Butte County
17,023,Clark County
18,023,Clinton County
19,023,Butler County
20,023,Cheyenne County
21,023,Bracken County
22,023,Cameron Parish
23,023,Sagadahoc County
24,023,Garrett County
25,023,Plymouth County
26,023,Branch County
27,023,Chippewa County
28,023,Clarke County
29,023,Butler County
30,023,Deer Lodge County
31,023,Butler County
32,023,Nye County
34,023,Middlesex County
35,023,Hidalgo County
36,023,Cortland County
37,023,Burke County
38,023,Divide County
39,023,Clark County
40,023,Choctaw County
41,023,Grant County
42,023,Cameron County
45,023,Chester County
46,023,Charles Mix County
47,023,Chester County
48,023,Baylor County
49,023,Juab County
50,023,Washington County
51,023,Botetourt County
53,023,Garfield County
54,023,Grant County
55,023,Crawford County
56,023,Lincoln County
72,023,Cabo Rojo Municipio
01,025,Clarke County
04,025,Yavapai County
05,025,Cleveland County
06,025,Imperial County
08,025,Crowley County
13,025,Brantley County
16,025,Camas County
17,025,Clay County
18,025,Crawford County
19,025,Calhoun County
20,025,Clark County
21,025,Breathitt County
22,025,Catahoula Parish
23,025,Somerset County
24,025,Harford County
25,025,Suffolk County
26,025,Calhoun County
27,025,Chisago County
28,025,Clay County
29,025,Caldwell County
30,025,Fallon County
31,025,Cass County
34,025,Monmouth County
35,025,Lea County
36,025,Delaware County
37,025,Cabarrus County
38,025,Dunn County
39,025,Clermont County
40,025,Cimarron County
41,025,Harney County
42,025,Carbon County
45,025,Chesterfield County
46,025,Clark County
47,025,Claiborne County
48,025,Bee County
49,025,Kane County
50,025,Windham County
51,025,Brunswick County
53,025,Grant County
54,025,Greenbrier County
55,025,Dane County
56,025,Natrona County
72,025,Caguas Municipio
01,027,Clay County
04,027,Yuma County
05,027,Columbia County
06,027,Inyo County
08,027,Custer County
12,027,DeSoto County
13,027,Brooks County
16,027,Canyon County
17,027,Clinton County
18,027,Daviess County
19,027,Carroll County
20,027,Clay County
21,027,Breckinridge County
22,027,Claiborne Parish
23,027,Waldo County
24,027,Howard County
25,027,Worcester County
26,027,Cass County
27,027,Clay County
28,027,Coahoma County
29,027,Callaway County
30,027,Fergus County
31,027,Cedar County
32,027,Pershing County
34,027,Morris County
35,027,Lincoln County
36,027,Dutchess County
37,027,Caldwell County
38,027,Eddy County
39,027,Clinton County
40,027,Cleveland County
41,027,Hood River County
42,027,Centre County
45,027,Clarendon County
46,027,Clay County
47,027,Clay County
48,027,Bell County
49,027,Millard County
50,027,Windsor County
51,027,Buchanan County
53,027,Grays Harbor County
54,027,Hampshire County
55,027,Dodge County
56,027,Niobrara County
72,027,Camuy Municipio
35,028,Los Alamos County
01,029,Cleburne County
05,029,Conway County
06,029,Kern County
08,029,Delta County
12,029,Dixie County
13,029,Bryan County
16,029,Caribou County
17,029,Coles County
18,029,Dearborn County
19,029,Cass County
20,029,Cloud County
21,029,Bullitt County
22,029,Concordia Parish
23,029,Washington County
24,029,Kent County
26,029,Charlevoix County
27,029,Clearwater County
28,029,Copiah County
29,029,Camden County
30,029,Flathead County
31,029,Chase County
32,029,Storey County
34,029,Ocean County
35,029,Luna County
36,029,Erie County
37,029,Camden County
38,029,Emmons County
39,029,Columbiana County
40,029,Coal County
41,029,Jackson County
42,029,Chester County
45,029,Colleton County
46,029,Codington County
47,029,Cocke County
48,029,Bexar County
49,029,Morgan County
51,029,Buckingham County
53,029,Island County
54,029,Hancock County
55,029,Door County
56,029,Park County
72,029,Canóvanas Municipio
01,031,Coffee County
05,031,Craighead County
06,031,Kings County
08,031,Denver County
12,031,Duval County
13,031,Bulloch County
16,031,Cassia County
17,031,Cook County
18,031,Decatur County
19,031,Cedar County
20,031,Coffey County
21,031,Butler County
22,031,De Soto Parish
23,031,York County
24,031,Montgomery County
26,031,Cheboygan County
27,031,Cook County
28,031,Covington County
29,031,Cape Girardeau County
30,031,Gallatin County
31,031,Cherry County
32,031,Washoe County
34,031,Passaic County
35,031,McKinley County
36,031,Essex County
37,031,Carteret County
38,031,Foster County
39,031,Coshocton County
40,031,Comanche County
41,031,Jefferson County
42,031,Clarion County
45,031,Darlington County
46,031,Corson County
47,031,Coffee County
48,031,Blanco County
49,031,Piute County
51,031,Campbell County
53,031,Jefferson County
54,031,Hardy County
55,031,Douglas County
56,031,Platte County
72,031,Carolina Municipio
01,033,Colbert County
05,033,Crawford County
06,033,Lake County
08,033,Dolores County
12,033,Escambia County
13,033,Burke County
16,033,Clark County
17,033,Crawford County
18,033,DeKalb County
19,033,Cerro Gordo County
20,033,Comanche County
21,033,Caldwell County
22,033,East Baton Rouge Parish
24,033,Prince George's County
26,033,Chippewa County
27,033,Cottonwood County
28,033,DeSoto County
29,033,Carroll County
30,033,Garfield County
31,033,Cheyenne County
32,033,White Pine County
34,033,Salem County
35,033,Mora County
36,033,Franklin County
37,033,Caswell County
38,033,Golden Valley County
39,033,Crawford County
40,033,Cotton County
41,033,Josephine County
42,033,Clearfield County
45,033,Dillon County
46,033,Custer County
47,033,Crockett County
48,033,Borden County
49,033,Rich County
51,033,Caroline County
53,033,King County
54,033,Harrison County
55,033,Dunn County
56,033,Sheridan County
72,033,Cataño Municipio
01,035,Conecuh County
05,035,Crittenden County
06,035,Lassen County
08,035,Douglas County
12,035,Flagler County
13,035,Butts County
16,035,Clearwater County
17,035,Cumberland County
18,035,Delaware County
19,035,Cherokee County
20,035,Cowley County
21,035,Calloway County
22,035,East Carroll Parish
24,035,Queen Anne's County
26,035,Clare County
27,035,Crow Wing County
28,035,Forrest County
29,035,Carter County
30,035,Glacier County
31,035,Clay County
34,035,Somerset County
35,035,Otero County
36,035,Fulton County
37,035,Catawba County
38,035,Grand Forks County
39,035,Cuyahoga County
40,035,Craig County
41,035,Klamath County
42,035,Clinton County
45,035,Dorchester County
46,035,Davison County
47,035,Cumberland County
48,035,Bosque County
49,035,Salt Lake County
51,035,Carroll County
53,035,Kitsap County
54,035,Jackson County
55,035,Eau Claire County
56,035,Sublette County
72,035,Cayey Municipio
51,036,Charles City County
01,037,Coosa County
05,037,Cross County
06,037,Los Angeles County
08,037,Eagle County
12,037,Franklin County
13,037,Calhoun County
16,037,Custer County
17,037,DeKalb County
18,037,Dubois County
19,037,Chickasaw County
20,037,Crawford County
21,037,Campbell County
22,037,East Feliciana Parish
24,037,St. Mary's County
26,037,Clinton County
27,037,Dakota County
28,037,Franklin County
29,037,Cass County
30,037,Golden Valley County
31,037,Colfax County
34,037,Sussex County
35,037,Quay County
36,037,Genesee County
37,037,Chatham County
38,037,Grant County
39,037,Darke County
40,037,Creek County
41,037,Lake County
42,037,Columbia County
45,037,Edgefield County
46,037,Day County
47,037,Davidson County
48,037,Bowie County
49,037,San Juan County
51,037,Charlotte County
53,037,Kittitas County
54,037,Jefferson County
55,037,Florence County
56,037,Sweetwater County
72,037,Ceiba Municipio
01,039,Covington County
05,039,Dallas County
06,039,Madera County
08,039,Elbert County
12,039,Gadsden County
13,039,Camden County
16,039,Elmore County
17,039,De Witt County
18,039,Elkhart County
19,039,Clarke County
20,039,Decatur County
21,039,Carlisle County
22,039,Evangeline Parish
24,039,Somerset County
26,039,Crawford County
27,039,Dodge County
28,039,George County
29,039,Cedar County
30,039,Granite County
31,039,Cuming County
34,039,Union County
35,039,Rio Arriba County
36,039,Greene County
37,039,Cherokee County
38,039,Griggs County
39,039,Defiance County
40,039,Custer County
41,039,Lane County
42,039,Crawford County
45,039,Fairfield County
46,039,Deuel County
47,039,Decatur County
48,039,Brazoria County
49,039,Sanpete County
53,039,Klickitat County
54,039,Kanawha County
55,039,Fond du Lac County
56,039,Teton County
72,039,Ciales Municipio
01,041,Crenshaw County
05,041,Desha County
06,041,Marin County
08,041,El Paso County
12,041,Gilchrist County
16,041,Franklin County
17,041,Douglas County
18,041,Fayette County
19,041,Clay County
20,041,Dickinson County
21,041,Carroll County
22,041,Franklin Parish
24,041,Talbot County
26,041,Delta County
27,041,Douglas County
28,041,Greene County
29,041,Chariton County
30,041,Hill County
31,041,Custer County
34,041,Warren County
35,041,Roosevelt County
36,041,Hamilton County
37,041,Chowan County
38,041,Hettinger County
39,041,Delaware County
40,041,Delaware County
41,041,Lincoln County
42,041,Cumberland County
45,041,Florence County
46,041,Dewey County
47,041,DeKalb County
48,041,Brazos County
49,041,Sevier County
51,041,Chesterfield County
53,041,Lewis County
54,041,Lewis County
55,041,Forest County
56,041,Uinta County
72,041,Cidra Municipio
01,043,Cullman County
05,043,Drew County
06,043,Mariposa County
08,043,Fremont County
12,043,Glades County
13,043,Candler County
16,043,Fremont County
17,043,DuPage County
18,043,Floyd County
19,043,Clayton County
20,043,Doniphan County
21,043,Carter County
22,043,Grant Parish
24,043,Washington County
26,043,Dickinson County
27,043,Faribault County
28,043,Grenada County
29,043,Christian County
30,043,Jefferson County
31,043,Dakota County
35,043,Sandoval County
36,043,Herkimer County
37,043,Clay County
38,043,Kidder County
39,043,Erie County
40,043,Dewey County
41,043,Linn County
42,043,Dauphin County
45,043,Georgetown County
46,043,Douglas County
47,043,Dickson County
48,043,Brewster County
49,043,Summit County
51,043,Clarke County
53,043,Lincoln County
54,043,Lincoln County
55,043,Grant County
56,043,Washakie County
72,043,Coamo Municipio
01,045,Dale County
05,045,Faulkner County
06,045,Mendocino County
08,045,Garfield County
12,045,Gulf County
13,045,Carroll County
16,045,Gem County
17,045,Edgar County
18,045,Fountain County
19,045,Clinton County
20,045,Douglas County
21,045,Casey County
22,045,Iberia Parish
24,045,Wicomico County
26,045,Eaton County
27,045,Fillmore County
28,045,Hancock County
29,045,Clark County
30,045,Judith Basin County
31,045,Dawes County
35,045,San Juan County
36,045,Jefferson County
37,045,Cleveland County
38,045,LaMoure County
39,045,Fairfield County
40,045,Ellis County
41,045,Malheur County
42,045,Delaware County
45,045,Greenville County
46,045,Edmunds County
47,045,Dyer County
48,045,Briscoe County
49,045,Tooele County
51,045,Craig County
53,045,Mason County
54,045,Logan County
55,045,Green County
56,045,Weston County
72,045,Comerío Municipio
01,047,Dallas County
05,047,Franklin County
06,047,Merced County
08,047,Gilpin County
12,047,Hamilton County
13,047,Catoosa County
16,047,Gooding County
17,047,Edwards County
18,047,Franklin County
19,047,Crawford County
20,047,Edwards County
21,047,Christian County
22,047,Iberville Parish
24,047,Worcester County
26,047,Emmet County
27,047,Freeborn County
28,047,Harrison County
29,047,Clay County
30,047,Lake County
31,047,Dawson County
35,047,San Miguel County
36,047,Kings County
37,047,Columbus County
38,047,Logan County
39,047,Fayette County
40,047,Garfield County
41,047,Marion County
42,047,Elk County
45,047,Greenwood County
46,047,Fall River County
47,047,Fayette County
48,047,Brooks County
49,047,Uintah County
51,047,Culpeper County
53,047,Okanogan County
54,047,McDowell County
55,047,Green Lake County
72,047,Corozal Municipio
01,049,DeKalb County
05,049,Fulton County
06,049,Modoc County
08,049,Grand County
12,049,Hardee County
13,049,Charlton County
16,049,Idaho County
17,049,Effingham County
18,049,Fulton County
19,049,Dallas County
20,049,Elk County
21,049,Clark County
22,049,Jackson Parish
26,049,Genesee County
27,049,Goodhue County
28,049,Hinds County
29,049,Clinton County
30,049,Lewis and Clark County
31,049,Deuel County
35,049,Santa Fe County
36,049,Lewis County
37,049,Craven County
38,049,McHenry County
39,049,Franklin County
40,049,Garvin County
41,049,Morrow County
42,049,Erie County
45,049,Hampton County
46,049,Faulk County
47,049,Fentress County
48,049,Brown County
49,049,Utah County
51,049,Cumberland County
53,049,Pacific County
54,049,Marion County
55,049,Iowa County
72,049,Culebra Municipio
02,050,Bethel Census Area
01,051,Elmore County
05,051,Garland County
06,051,Mono County
08,051,Gunnison County
12,051,Hendry County
13,051,Chatham County
16,051,Jefferson County
17,051,Fayette County
18,051,Gibson County
19,051,Davis County
20,051,Ellis County
21,051,Clay County
22,051,Jefferson Parish
26,051,Gladwin County
27,051,Grant County
28,051,Holmes County
29,051,Cole County
30,051,Liberty County
31,051,Dixon County
35,051,Sierra County
36,051,Livingston County
37,051,Cumberland County
38,051,McIntosh County
39,051,Fulton County
40,051,Grady County
41,051,Multnomah County
42,051,Fayette County
45,051,Horry County
46,051,Grant County
47,051,Franklin County
48,051,Burleson County
49,051,Wasatch County
51,051,Dickenson County
53,051,Pend Oreille County
54,051,Marshall County
55,051,Iron County
72,051,Dorado Municipio
01,053,Escambia County
05,053,Grant County
06,053,Monterey County
08,053,Hinsdale County
12,053,Hernando County
13,053,Chattahoochee County
16,053,Jerome County
17,053,Ford County
18,053,Grant County
19,053,Decatur County
20,053,Ellsworth County
21,053,Clinton County
22,053,Jefferson Davis Parish
26,053,Gogebic County
27,053,Hennepin County
28,053,Humphreys County
29,053,Cooper County
30,053,Lincoln County
31,053,Dodge County
35,053,Socorro County
36,053,Madison County
37,053,Currituck County
38,053,McKenzie County
39,053,Gallia County
40,053,Grant County
41,053,Polk County
42,053,Forest County
45,053,Jasper County
46,053,Gregory County
47,053,Gibson County
48,053,Burnet County
49,053,Washington County
51,053,Dinwiddie County
53,053,Pierce County
54,053,Mason County
55,053,Jackson County
72,053,Fajardo Municipio
72,054,Florida Municipio
01,055,Etowah County
05,055,Greene County
06,055,Napa County
08,055,Huerfano County
12,055,Highlands County
13,055,Chattooga County
16,055,Kootenai County
17,055,Franklin County
18,055,Greene County
19,055,Delaware County
20,055,Finney County
21,055,Crittenden County
22,055,Lafayette Parish
26,055,Grand Traverse County
27,055,Houston County
28,055,Issaquena County
29,055,Crawford County
30,055,McCone County
31,055,Douglas County
35,055,Taos County
36,055,Monroe County
37,055,Dare County
38,055,McLean County
39,055,Geauga County
40,055,Greer County
41,055,Sherman County
42,055,Franklin County
45,055,Kershaw County
46,055,Haakon County
47,055,Giles County
48,055,Caldwell County
49,055,Wayne County
53,055,San Juan County
54,055,Mercer County
55,055,Jefferson County
72,055,Guánica Municipio
01,057,Fayette County
05,057,Hempstead County
06,057,Nevada County
08,057,Jackson County
12,057,Hillsborough County
13,057,Cherokee County
16,057,Latah County
17,057,Fulton County
18,057,Hamilton County
19,057,Des Moines County
20,057,Ford County
21,057,Cumberland County
22,057,Lafourche Parish
26,057,Gratiot County
27,057,Hubbard County
28,057,Itawamba County
29,057,Dade County
30,057,Madison County
31,057,Dundy County
35,057,Torrance County
36,057,Montgomery County
37,057,Davidson County
38,057,Mercer County
39,057,Greene County
40,057,Harmon County
41,057,Tillamook County
42,057,Fulton County
45,057,Lancaster County
46,057,Hamlin County
47,057,Grainger County
48,057,Calhoun County
49,057,Weber County
51,057,Essex County
53,057,Skagit County
54,057,Mineral County
55,057,Juneau County
72,057,Guayama Municipio
01,059,Franklin County
05,059,Hot Spring County
06,059,Orange County
08,059,Jefferson County
12,059,Holmes County
13,059,Clarke County
16,059,Lemhi County
17,059,Gallatin County
18,059,Hancock County
19,059,Dickinson County
20,059,Franklin County
21,059,Daviess County
22,059,LaSalle Parish
26,059,Hillsdale County
27,059,Isanti County
28,059,Jackson County
29,059,Dallas County
30,059,Meagher County
31,059,Fillmore County
35,059,Union County
36,059,Nassau County
37,059,Davie County
38,059,Morton County
39,059,Guernsey County
40,059,Harper County
41,059,Umatilla County
42,059,Greene County
45,059,Laurens County
46,059,Hand County
47,059,Greene County
48,059,Callahan County
51,059,Fairfax County
53,059,Skamania County
54,059,Mingo County
55,059,Kenosha County
72,059,Guayanilla Municipio
02,060,Bristol Bay Borough
01,061,Geneva County
05,061,Howard County
06,061,Placer County
08,061,Kiowa County
12,061,Indian River County
13,061,Clay County
16,061,Lewis County
17,061,Greene County
18,061,Harrison County
19,061,Dubuque County
20,061,Geary County
21,061,Edmonson County
22,061,Lincoln Parish
26,061,Houghton County
27,061,Itasca County
28,061,Jasper County
29,061,Daviess County
30,061,Mineral County
31,061,Franklin County
35,061,Valencia County
36,061,New York County
37,061,Duplin County
38,061,Mountrail County
39,061,Hamilton County
40,061,Haskell County
41,061,Union County
42,061,Huntingdon County
45,061,Lee County
46,061,Hanson County
47,061,Grundy County
48,061,Cameron County
51,061,Fauquier County
53,061,Snohomish County
54,061,Monongalia County
55,061,Kewaunee County
72,061,Guaynabo Municipio
01,063,Greene County
05,063,Independence County
06,063,Plumas County
08,063,Kit Carson County
12,063,Jackson County
13,063,Clayton County
16,063,Lincoln County
17,063,Grundy County
18,063,Hendricks County
19,063,Emmet County
20,063,Gove County
21,063,Elliott County
22,063,Livingston Parish
26,063,Huron County
27,063,Jackson County
28,063,Jefferson County
29,063,DeKalb County
30,063,Missoula County
31,063,Frontier County
36,063,Niagara County
37,063,Durham County
38,063,Nelson County
39,063,Hancock County
40,063,Hughes County
41,063,Wallowa County
42,063,Indiana County
45,063,Lexington County
46,063,Harding County
47,063,Hamblen County
48,063,Camp County
51,063,Floyd County
53,063,Spokane County
54,063,Monroe County
55,063,La Crosse County
72,063,Gurabo Municipio
01,065,Hale County
05,065,Izard County
06,065,Riverside County
08,065,Lake County
12,065,Jefferson County
13,065,Clinch County
16,065,Madison County
17,065,Hamilton County
18,065,Henry County
19,065,Fayette County
20,065,Graham County
21,065,Estill County
22,065,Madison Parish
26,065,Ingham County
27,065,Kanabec County
28,065,Jefferson Davis County
29,065,Dent County
30,065,Musselshell County
31,065,Furnas County
36,065,Oneida County
37,065,Edgecombe County
38,065,Oliver County
39,065,Hardin County
40,065,Jackson County
41,065,Wasco County
42,065,Jefferson County
45,065,McCormick County
46,065,Hughes County
47,065,Hamilton County
48,065,Carson County
51,065,Fluvanna County
53,065,Stevens County
54,065,Morgan County
55,065,Lafayette County
72,065,Hatillo Municipio
01,067,Henry County
05,067,Jackson County
06,067,Sacramento County
08,067,La Plata County
12,067,Lafayette County
13,067,Cobb County
16,067,Minidoka County
17,067,Hancock County
18,067,Howard County
19,067,Floyd County
20,067,Grant County
21,067,Fayette County
22,067,Morehouse Parish
26,067,Ionia County
27,067,Kandiyohi County
28,067,Jones County
29,067,Douglas County
30,067,Park County
31,067,Gage County
36,067,Onondaga County
37,067,Forsyth County
38,067,Pembina County
39,067,Harrison County
40,067,Jefferson County
41,067,Washington County
42,067,Juniata County
45,067,Marion County
46,067,Hutchinson County
47,067,Hancock County
48,067,Cass County
51,067,Franklin County
53,067,Thurston County
54,067,Nicholas County
55,067,Langlade County
72,067,Hormigueros Municipio
02,068,Denali Borough
01,069,Houston County
05,069,Jefferson County
06,069,San Benito County
08,069,Larimer County
12,069,Lake County
13,069,Coffee County
16,069,Nez Perce County
17,069,Hardin County
18,069,Huntington County
19,069,Franklin County
20,069,Gray County
21,069,Fleming County
22,069,Natchitoches Parish
26,069,Iosco County
27,069,Kittson County
28,069,Kemper County
29,069,Dunklin County
30,069,Petroleum County
31,069,Garden County
36,069,Ontario County
37,069,Franklin County
38,069,Pierce County
39,069,Henry County
40,069,Johnston County
41,069,Wheeler County
42,069,Lackawanna County
45,069,Marlboro County
46,069,Hyde County
47,069,Hardeman County
48,069,Castro County
51,069,Frederick County
53,069,Wahkiakum County
54,069,Ohio County
55,069,Lincoln County
72,069,Humacao Municipio
02,070,Dillingham Census Area
01,071,Jackson County
05,071,Johnson County
06,071,San Bernardino County
08,071,Las Animas County
12,071,Lee County
13,071,Colquitt County
16,071,Oneida County
17,071,Henderson County
18,071,Jackson County
19,071,Fremont County
20,071,Greeley County
21,071,Floyd County
22,071,Orleans Parish
26,071,Iron County
27,071,Koochiching County
28,071,Lafayette County
29,071,Franklin County
30,071,Phillips County
31,071,Garfield County
36,071,Orange County
37,071,Gaston County
38,071,Ramsey County
39,071,Highland County
40,071,Kay County
41,071,Yamhill County
42,071,Lancaster County
45,071,Newberry County
46,071,Jackson County
47,071,Hardin County
48,071,Chambers County
51,071,Giles County
53,071,Walla Walla County
54,071,Pendleton County
55,071,Manitowoc County
72,071,Isabela Municipio
01,073,Jefferson County
05,073,Lafayette County
06,073,San Diego County
08,073,Lincoln County
12,073,Leon County
13,073,Columbia County
16,073,Owyhee County
17,073,Henry County
18,073,Jasper County
19,073,Greene County
20,073,Greenwood County
21,073,Franklin County
22,073,Ouachita Parish
26,073,Isabella County
27,073,Lac qui Parle County
28,073,Lamar County
29,073,Gasconade County
30,073,Pondera County
31,073,Gosper County
36,073,Orleans County
37,073,Gates County
38,073,Ransom County
39,073,Hocking County
40,073,Kingfisher County
42,073,Lawrence County
45,073,Oconee County
46,073,Jerauld County
47,073,Hawkins County
48,073,Cherokee County
51,073,Gloucester County
53,073,Whatcom County
54,073,Pleasants County
55,073,Marathon County
72,073,Jayuya Municipio
01,075,Lamar County
05,075,Lawrence County
06,075,San Francisco County
08,075,Logan County
12,075,Levy County
13,075,Cook County
16,075,Payette County
17,075,Iroquois County
18,075,Jay County
19,075,Grundy County
20,075,Hamilton County
21,075,Fulton County
22,075,Plaquemines Parish
26,075,Jackson County
27,075,Lake County
28,075,Lauderdale County
29,075,Gentry County
30,075,Powder River County
31,075,Grant County
36,075,Oswego County
37,075,Graham County
38,075,Renville County
39,075,Holmes County
40,075,Kiowa County
42,075,Lebanon County
45,075,Orangeburg County
46,075,Jones County
47,075,Haywood County
48,075,Childress County
51,075,Goochland County
53,075,Whitman County
54,075,Pocahontas County
55,075,Marinette County
72,075,Juana Díaz Municipio
01,077,Lauderdale County
05,077,Lee County
06,077,San Joaquin County
08,077,Mesa County
12,077,Liberty County
13,077,Coweta County
16,077,Power County
17,077,Jackson County
18,077,Jefferson County
19,077,Guthrie County
20,077,Harper County
21,077,Gallatin County
22,077,Pointe Coupee Parish
26,077,Kalamazoo County
27,077,Lake of the Woods County
28,077,Lawrence County
29,077,Greene County
30,077,Powell County
31,077,Greeley County
36,077,Otsego County
37,077,Granville County
38,077,Richland County
39,077,Huron County
40,077,Latimer County
42,077,Lehigh County
45,077,Pickens County
46,077,Kingsbury County
47,077,Henderson County
48,077,Clay County
51,077,Grayson County
53,077,Yakima County
54,077,Preston County
55,077,Marquette County
72,077,Juncos Municipio
55,078,Menominee County
01,079,Lawrence County
05,079,Lincoln County
06,079,San Luis Obispo County
08,079,Mineral County
12,079,Madison County
13,079,Crawford County
16,079,Shoshone County
17,079,Jasper County
18,079,Jennings County
19,079,Hamilton County
20,079,Harvey County
21,079,Garrard County
22,079,Rapides Parish
26,079,Kalkaska County
27,079,Le Sueur County
28,079,Leake County
29,079,Grundy County
30,079,Prairie County
31,079,Hall County
36,079,Putnam County
37,079,Greene County
38,079,Rolette County
39,079,Jackson County
40,079,Le Flore County
42,079,Luzerne County
45,079,Richland County
46,079,Lake County
47,079,Henry County
48,079,Cochran County
51,079,Greene County
54,079,Putnam County
55,079,Milwaukee County
72,079,Lajas Municipio
01,081,Lee County
05,081,Little River County
06,081,San Mateo County
08,081,Moffat County
12,081,Manatee County
13,081,Crisp County
16,081,Teton County
17,081,Jefferson County
18,081,Johnson County
19,081,Hancock County
20,081,Haskell County
21,081,Grant County
22,081,Red River Parish
26,081,Kent County
27,081,Lincoln County
28,081,Lee County
29,081,Harrison County
30,081,Ravalli County
31,081,Hamilton County
36,081,Queens County
37,081,Guilford County
38,081,Sargent County
39,081,Jefferson County
40,081,Lincoln County
42,081,Lycoming County
45,081,Saluda County
46,081,Lawrence County
47,081,Hickman County
48,081,Coke County
51,081,Greensville County
54,081,Raleigh County
55,081,Monroe County
72,081,Lares Municipio
01,083,Limestone County
05,083,Logan County
06,083,Santa Barbara County
08,083,Montezuma County
12,083,Marion County
13,083,Dade County
16,083,Twin Falls County
17,083,Jersey County
18,083,Knox County
19,083,Hardin County
20,083,Hodgeman County
21,083,Graves County
22,083,Richland Parish
26,083,Keweenaw County
27,083,Lyon County
28,083,Leflore County
29,083,Henry County
30,083,Richland County
31,083,Harlan County
36,083,Rensselaer County
37,083,Halifax County
38,083,Sheridan County
39,083,Knox County
40,083,Logan County
42,083,McKean County
45,083,Spartanburg County
46,083,Lincoln County
47,083,Houston County
48,083,Coleman County
51,083,Halifax County
54,083,Randolph County
55,083,Oconto County
72,083,Las Marías Municipio
01,085,Lowndes County
05,085,Lonoke County
06,085,Santa Clara County
08,085,Montrose County
12,085,Martin County
13,085,Dawson County
16,085,Valley County
17,085,Jo Daviess County
18,085,Kosciusko County
19,085,Harrison County
20,085,Jackson County
21,085,Grayson County
22,085,Sabine Parish
26,085,Lake County
27,085,McLeod County
28,085,Lincoln County
29,085,Hickory County
30,085,Roosevelt County
31,085,Hayes County
36,085,Richmond County
37,085,Harnett County
38,085,Sioux County
39,085,Lake County
40,085,Love County
42,085,Mercer County
45,085,Sumter County
46,085,Lyman County
47,085,Humphreys County
48,085,Collin County
51,085,Hanover County
54,085,Ritchie County
55,085,Oneida County
72,085,Las Piedras Municipio
12,086,Miami-Dade County
01,087,Macon County
05,087,Madison County
06,087,Santa Cruz County
08,087,Morgan County
12,087,Monroe County
13,087,Decatur County
16,087,Washington County
17,087,Johnson County
18,087,LaGrange County
19,087,Henry County
20,087,Jefferson County
21,087,Green County
22,087,St. Bernard Parish
26,087,Lapeer County
27,087,Mahnomen County
28,087,Lowndes County
29,087,Holt County
30,087,Rosebud County
31,087,Hitchcock County
36,087,Rockland County
37,087,Haywood County
38,087,Slope County
39,087,Lawrence County
40,087,McClain County
42,087,Mifflin County
45,087,Union County
46,087,McCook County
47,087,Jackson County
48,087,Collingsworth County
51,087,Henrico County
54,087,Roane County
55,087,Outagamie County
72,087,Loíza Municipio
01,089,Madison County
05,089,Marion County
06,089,Shasta County
08,089,Otero County
12,089,Nassau County
13,089,DeKalb County
17,089,Kane County
18,089,Lake County
19,089,Howard County
20,089,Jewell County
21,089,Greenup County
22,089,St. Charles Parish
26,089,Leelanau County
27,089,Marshall County
28,089,Madison County
29,089,Howard County
30,089,Sanders County
31,089,Holt County
36,089,St. Lawrence County
37,089,Henderson County
38,089,Stark County
39,089,Licking County
40,089,McCurtain County
42,089,Monroe County
45,089,Williamsburg County
46,089,McPherson County
47,089,Jefferson County
48,089,Colorado County
51,089,Henry County
54,089,Summers County
55,089,Ozaukee County
72,089,Luquillo Municipio
02,090,Fairbanks North Star Borough
01,091,Marengo County
05,091,Miller County
06,091,Sierra County
08,091,Ouray County
12,091,Okaloosa County
13,091,Dodge County
17,091,Kankakee County
18,091,LaPorte County
19,091,Humboldt County
20,091,Johnson County
21,091,Hancock County
22,091,St. Helena Parish
26,091,Lenawee County
27,091,Martin County
28,091,Marion County
29,091,Howell County
30,091,Sheridan County
31,091,Hooker County
36,091,Saratoga County
37,091,Hertford County
38,091,Steele County
39,091,Logan County
40,091,McIntosh County
42,091,Montgomery County
45,091,York County
46,091,Marshall County
47,091,Johnson County
48,091,Comal County
51,091,Highland County
54,091,Taylor County
55,091,Pepin County
72,091,Manatí Municipio
01,093,Marion County
05,093,Mississippi County
06,093,Siskiyou County
08,093,Park County
12,093,Okeechobee County
13,093,Dooly County
17,093,Kendall County
18,093,Lawrence County
19,093,Ida County
20,093,Kearny County
21,093,Hardin County
22,093,St. James Parish
26,093,Livingston County
27,093,Meeker County
28,093,Marshall County
29,093,Iron County
30,093,Silver Bow County
31,093,Howard County
36,093,Schenectady County
37,093,Hoke County
38,093,Stutsman County
39,093,Lorain County
40,093,Major County
42,093,Montour County
46,093,Meade County
47,093,Knox County
48,093,Comanche County
51,093,Isle of Wight County
54,093,Tucker County
55,093,Pierce County
72,093,Maricao Municipio
01,095,Marshall County
05,095,Monroe County
06,095,Solano County
08,095,Phillips County
12,095,Orange County
13,095,Dougherty County
17,095,Knox County
18,095,Madison County
19,095,Iowa County
20,095,Kingman County
21,095,Harlan County
22,095,St. John the Baptist Parish
26,095,Luce County
27,095,Mille Lacs County
28,095,Monroe County
29,095,Jackson County
30,095,Stillwater County
31,095,Jefferson County
36,095,Schoharie County
37,095,Hyde County
38,095,Towner County
39,095,Lucas County
40,095,Marshall County
42,095,Northampton County
46,095,Mellette County
47,095,Lake County
48,095,Concho County
51,095,James City County
54,095,Tyler County
55,095,Polk County
72,095,Maunabo Municipio
01,097,Mobile County
05,097,Montgomery County
06,097,Sonoma County
08,097,Pitkin County
12,097,Osceola County
13,097,Douglas County
17,097,Lake County
18,097,Marion County
19,097,Jackson County
20,097,Kiowa County
21,097,Harrison County
22,097,St. Landry Parish
26,097,Mackinac County
27,097,Morrison County
28,097,Montgomery County
29,097,Jasper County
30,097,Sweet Grass County
31,097,Johnson County
36,097,Schuyler County
37,097,Iredell County
38,097,Traill County
39,097,Madison County
40,097,Mayes County
42,097,Northumberland County
46,097,Miner County
47,097,Lauderdale County
48,097,Cooke County
51,097,King and Queen County
54,097,Upshur County
55,097,Portage County
72,097,Mayagüez Municipio
01,099,Monroe County
05,099,Nevada County
06,099,Stanislaus County
08,099,Prowers County
12,099,Palm Beach County
13,099,Early County
17,099,LaSalle County
18,099,Marshall County
19,099,Jasper County
20,099,Labette County
21,099,Hart County
22,099,St. Martin Parish
26,099,Macomb County
27,099,Mower County
28,099,Neshoba County
29,099,Jefferson County
30,099,Teton County
31,099,Kearney County
36,099,Seneca County
37,099,Jackson County
38,099,Walsh County
39,099,Mahoning County
40,099,Murray County
42,099,Perry County
46,099,Minnehaha County
47,099,Lawrence County
48,099,Coryell County
51,099,King George County
54,099,Wayne County
55,099,Price County
72,099,Moca Municipio
02,100,Haines Borough
01,101,Montgomery County
05,101,Newton County
06,101,Sutter County
08,101,Pueblo County
12,101,Pasco County
13,101,Echols County
17,101,Lawrence County
18,101,Martin County
19,101,Jefferson County
20,101,Lane County
21,101,Henderson County
22,101,St. Mary Parish
26,101,Manistee County
27,101,Murray County
28,101,Newton County
29,101,Johnson County
30,101,Toole County
31,101,Keith County
36,101,Steuben County
37,101,Johnston County
38,101,Ward County
39,101,Marion County
40,101,Muskogee County
42,101,Philadelphia County
46,101,Moody County
47,101,Lewis County
48,101,Cottle County
51,101,King William County
54,101,Webster County
55,101,Racine County
72,101,Morovis Municipio
46,102,Oglala Lakota County
01,103,Morgan County
05,103,Ouachita County
06,103,Tehama County
08,103,Rio Blanco County
12,103,Pinellas County
13,103,Effingham County
17,103,Lee County
18,103,Miami County
19,103,Johnson County
20,103,Leavenworth County
21,103,Henry County
22,103,St. Tammany Parish
26,103,Marquette County
27,103,Nicollet County
28,103,Noxubee County
29,103,Knox County
30,103,Treasure County
31,103,Keya Paha County
36,103,Suffolk County
37,103,Jones County
38,103,Wells County
39,103,Medina County
40,103,Noble County
42,103,Pike County
46,103,Pennington County
47,103,Lincoln County
48,103,Crane County
51,103,Lancaster County
54,103,Wetzel County
55,103,Richland County
72,103,Naguabo Municipio
01,105,Perry County
02,105,Hoonah-Angoon Census Area
05,105,Perry County
06,105,Trinity County
08,105,Rio Grande County
12,105,Polk County
13,105,Elbert County
17,105,Livingston County
18,105,Monroe County
19,105,Jones County
20,105,Lincoln County
21,105,Hickman County
22,105,Tangipahoa Parish
26,105,Mason County
27,105,Nobles County
28,105,Oktibbeha County
29,105,Laclede County
30,105,Valley County
31,105,Kimball County
36,105,Sullivan County
37,105,Lee County
38,105,Williams County
39,105,Meigs County
40,105,Nowata County
42,105,Potter County
46,105,Perkins County
47,105,Loudon County
48,105,Crockett County
51,105,Lee County
54,105,Wirt County
55,105,Rock County
72,105,Naranjito Municipio
01,107,Pickens County
05,107,Phillips County
06,107,Tulare County
08,107,Routt County
12,107,Putnam County
13,107,Emanuel County
17,107,Logan County
18,107,Montgomery County
19,107,Keokuk County
20,107,Linn County
21,107,Hopkins County
22,107,Tensas Parish
26,107,Mecosta County
27,107,Norman County
28,107,Panola County
29,107,Lafayette County
30,107,Wheatland County
31,107,Knox County
36,107,Tioga County
37,107,Lenoir County
39,107,Mercer County
40,107,Okfuskee County
42,107,Schuylkill County
46,107,Potter County
47,107,McMinn County
48,107,Crosby County
51,107,Loudoun County
54,107,Wood County
55,107,Rusk County
72,107,Orocovis Municipio
01,109,Pike County
05,109,Pike County
06,109,Tuolumne County
08,109,Saguache County
12,109,St. Johns County
13,109,Evans County
17,109,McDonough County
18,109,Morgan County
19,109,Kossuth County
20,109,Logan County
21,109,Jackson County
22,109,Terrebonne Parish
26,109,Menominee County
27,109,Olmsted County
28,109,Pearl River County
29,109,Lawrence County
30,109,Wibaux County
31,109,Lancaster County
36,109,Tompkins County
37,109,Lincoln County
39,109,Miami County
40,109,Oklahoma County
42,109,Snyder County
46,109,Roberts County
47,109,McNairy County
48,109,Culberson County
51,109,Louisa County
54,109,Wyoming County
55,109,St. Croix County
72,109,Patillas Municipio
02,110,Juneau City and Borough
01,111,Randolph County
05,111,Poinsett County
06,111,Ventura County
08,111,San Juan County
12,111,St. Lucie County
13,111,Fannin County
17,111,McHenry County
18,111,Newton County
19,111,Lee County
20,111,Lyon County
21,111,Jefferson County
22,111,Union Parish
26,111,Midland County
27,111,Otter Tail County
28,111,Perry County
29,111,Lewis County
30,111,Yellowstone County
31,111,Lincoln County
36,111,Ulster County
37,111,McDowell County
39,111,Monroe County
40,111,Okmulgee County
42,111,Somerset County
46,111,Sanborn County
47,111,Macon County
48,111,Dallam County
51,111,Lunenburg County
55,111,Sauk County
72,111,Peñuelas Municipio
01,113,Russell County
05,113,Polk County
06,113,Yolo County
08,113,San Miguel County
12,113,Santa Rosa County
13,113,Fayette County
17,113,McLean County
18,113,Noble County
19,113,Linn County
20,113,McPherson County
21,113,Jessamine County
22,113,Vermilion Parish
26,113,Missaukee County
27,113,Pennington County
28,113,Pike County
29,113,Lincoln County
31,113,Logan County
36,113,Warren County
37,113,Macon County
39,113,Montgomery County
40,113,Osage County
42,113,Sullivan County
47,113,Madison County
48,113,Dallas County
51,113,Madison County
55,113,Sawyer County
72,113,Ponce Municipio
01,115,St. Clair County
05,115,Pope County
06,115,Yuba County
08,115,Sedgwick County
12,115,Sarasota County
13,115,Floyd County
17,115,Macon County
18,115,Ohio County
19,115,Louisa County
20,115,Marion County
21,115,Johnson County
22,115,Vernon Parish
26,115,Monroe County
27,115,Pine County
28,115,Pontotoc County
29,115,Linn County
31,115,Loup County
36,115,Washington County
37,115,Madison County
39,115,Morgan County
40,115,Ottawa County
42,115,Susquehanna County
46,115,Spink County
47,115,Marion County
48,115,Dawson County
51,115,Mathews County
55,115,Shawano County
72,115,Quebradillas Municipio
01,117,Shelby County
05,117,Prairie County
08,117,Summit County
12,117,Seminole County
13,117,Forsyth County
17,117,Macoupin County
18,117,Orange County
19,117,Lucas County
20,117,Marshall County
21,117,Kenton County
22,117,Washington Parish
26,117,Montcalm County
27,117,Pipestone County
28,117,Prentiss County
29,117,Livingston County
31,117,McPherson County
36,117,Wayne County
37,117,Martin County
39,117,Morrow County
40,117,Pawnee County
42,117,Tioga County
46,117,Stanley County
47,117,Marshall County
48,117,Deaf Smith County
51,117,Mecklenburg County
55,117,Sheboygan County
72,117,Rincón Municipio
01,119,Sumter County
05,119,Pulaski County
08,119,Teller County
12,119,Sumter County
13,119,Franklin County
17,119,Madison County
18,119,Owen County
19,119,Lyon County
20,119,Meade County
21,119,Knott County
22,119,Webster Parish
26,119,Montmorency County
27,119,Polk County
28,119,Quitman County
29,119,McDonald County
31,119,Madison County
36,119,Westchester County
37,119,Mecklenburg County
39,119,Muskingum County
40,119,Payne County
42,119,Union County
46,119,Sully County
47,119,Maury County
48,119,Delta County
51,119,Middlesex County
55,119,Taylor County
72,119,Río Grande Municipio
01,121,Talladega County
05,121,Randolph County
08,121,Washington County
12,121,Suwannee County
13,121,Fulton County
17,121,Marion County
18,121,Parke County
19,121,Madison County
20,121,Miami County
21,121,Knox County
22,121,West Baton Rouge Parish
26,121,Muskegon County
27,121,Pope County
28,121,Rankin County
29,121,Macon County
31,121,Merrick County
36,121,Wyoming County
37,121,Mitchell County
39,121,Noble County
40,121,Pittsburg County
42,121,Venango County
46,121,Todd County
47,121,Meigs County
48,121,Denton County
51,121,Montgomery County
55,121,Trempealeau County
72,121,Sabana Grande Municipio
02,122,Kenai Peninsula Borough
01,123,Tallapoosa County
05,123,St. Francis County
08,123,Weld County
12,123,Taylor County
13,123,Gilmer County
17,123,Marshall County
18,123,Perry County
19,123,Mahaska County
20,123,Mitchell County
21,123,Larue County
22,123,West Carroll Parish
26,123,Newaygo County
27,123,Ramsey County
28,123,Scott County
29,123,Madison County
31,123,Morrill County
36,123,Yates County
37,123,Montgomery County
39,123,Ottawa County
40,123,Pontotoc County
42,123,Warren County
46,123,Tripp County
47,123,Monroe County
48,123,DeWitt County
55,123,Vernon County
72,123,Salinas Municipio
01,125,Tuscaloosa County
05,125,Saline County
08,125,Yuma County
12,125,Union County
13,125,Glascock County
17,125,Mason County
18,125,Pike County
19,125,Marion County
20,125,Montgomery County
21,125,Laurel County
22,125,West Feliciana Parish
26,125,Oakland County
27,125,Red Lake County
28,125,Sharkey County
29,125,Maries County
31,125,Nance County
37,125,Moore County
39,125,Paulding County
40,125,Pottawatomie County
42,125,Washington County
46,125,Turner County
47,125,Montgomery County
48,125,Dickens County
51,125,Nelson County
55,125,Vilas County
72,125,San Germán Municipio
01,127,Walker County
05,127,Scott County
12,127,Volusia County
13,127,Glynn County
17,127,Massac County
18,127,Porter County
19,127,Marshall County
20,127,Morris County
21,127,Lawrence County
22,127,Winn Parish
26,127,Oceana County
27,127,Redwood County
28,127,Simpson County
29,127,Marion County
31,127,Nemaha County
37,127,Nash County
39,127,Perry County
40,127,Pushmataha County
42,127,Wayne County
46,127,Union County
47,127,Moore County
48,127,Dimmit County
51,127,New Kent County
55,127,Walworth County
72,127,San Juan Municipio
01,129,Washington County
05,129,Searcy County
12,129,Wakulla County
13,129,Gordon County
17,129,Menard County
18,129,Posey County
19,129,Mills County
20,129,Morton County
21,129,Lee County
26,129,Ogemaw County
27,129,Renville County
28,129,Smith County
29,129,Mercer County
31,129,Nuckolls County
37,129,New Hanover County
39,129,Pickaway County
40,129,Roger Mills County
42,129,Westmoreland County
46,129,Walworth County
47,129,Morgan County
48,129,Donley County
55,129,Washburn County
72,129,San Lorenzo Municipio
02,130,Ketchikan Gateway Borough
01,131,Wilcox County
05,131,Sebastian County
12,131,Walton County
13,131,Grady County
17,131,Mercer County
18,131,Pulaski County
19,131,Mitchell County
20,131,Nemaha County
21,131,Leslie County
26,131,Ontonagon County
27,131,Rice County
28,131,Stone County
29,131,Miller County
31,131,Otoe County
37,131,Northampton County
39,131,Pike County
40,131,Rogers County
42,131,Wyoming County
47,131,Obion County
48,131,Duval County
51,131,Northampton County
55,131,Washington County
72,131,San Sebastián Municipio
01,133,Winston County
05,133,Sevier County
12,133,Washington County
13,133,Greene County
17,133,Monroe County
18,133,Putnam County
19,133,Monona County
20,133,Neosho County
21,133,Letcher County
26,133,Osceola County
27,133,Rock County
28,133,Sunflower County
29,133,Mississippi County
31,133,Pawnee County
37,133,Onslow County
39,133,Portage County
40,133,Seminole County
42,133,York County
47,133,Overton County
48,133,Eastland County
51,133,Northumberland County
55,133,Waukesha County
72,133,Santa Isabel Municipio
05,135,Sharp County
13,135,Gwinnett County
17,135,Montgomery County
18,135,Randolph County
19,135,Monroe County
20,135,Ness County
21,135,Lewis County
26,135,Oscoda County
27,135,Roseau County
28,135,Tallahatchie County
29,135,Moniteau County
31,135,Perkins County
37,135,Orange County
39,135,Preble County
40,135,Sequoyah County
46,135,Yankton County
47,135,Perry County
48,135,Ector County
51,135,Nottoway County
55,135,Waupaca County
72,135,Toa Alta Municipio
05,137,Stone County
13,137,Habersham County
17,137,Morgan County
18,137,Ripley County
19,137,Montgomery County
20,137,Norton County
21,137,Lincoln County
26,137,Otsego County
27,137,St. Louis County
28,137,Tate County
29,137,Monroe County
31,137,Phelps County
37,137,Pamlico County
39,137,Putnam County
40,137,Stephens County
46,137,Ziebach County
47,137,Pickett County
48,137,Edwards County
51,137,Orange County
55,137,Waushara County
72,137,Toa Baja Municipio
05,139,Union County
13,139,Hall County
17,139,Moultrie County
18,139,Rush County
19,139,Muscatine County
20,139,Osage County
21,139,Livingston County
26,139,Ottawa County
27,139,Scott County
28,139,Tippah County
29,139,Montgomery County
31,139,Pierce County
37,139,Pasquotank County
39,139,Richland County
40,139,Texas County
47,139,Polk County
48,139,Ellis County
51,139,Page County
55,139,Winnebago County
72,139,Trujillo Alto Municipio
05,141,Van Buren County
13,141,Hancock County
17,141,Ogle County
18,141,St. Joseph County
19,141,O'Brien County
20,141,Osborne County
21,141,Logan County
26,141,Presque Isle County
27,141,Sherburne County
28,141,Tishomingo County
29,141,Morgan County
31,141,Platte County
37,141,Pender County
39,141,Ross County
40,141,Tillman County
47,141,Putnam County
48,141,El Paso County
51,141,Patrick County
55,141,Wood County
72,141,Utuado Municipio
05,143,Washington County
13,143,Haralson County
17,143,Peoria County
18,143,Scott County
19,143,Osceola County
20,143,Ottawa County
21,143,Lyon County
26,143,Roscommon County
27,143,Sibley County
28,143,Tunica County
29,143,New Madrid County
31,143,Polk County
37,143,Perquimans County
39,143,Sandusky County
40,143,Tulsa County
47,143,Rhea County
48,143,Erath County
51,143,Pittsylvania County
72,143,Vega Alta Municipio
05,145,White County
13,145,Harris County
17,145,Perry County
18,145,Shelby County
19,145,Page County
20,145,Pawnee County
21,145,McCracken County
26,145,Saginaw County
27,145,Stearns County
28,145,Union County
29,145,Newton County
31,145,Red Willow County
37,145,Person County
39,145,Scioto County
40,145,Wagoner County
47,145,Roane County
48,145,Falls County
51,145,Powhatan County
72,145,Vega Baja Municipio
05,147,Woodruff County
13,147,Hart County
17,147,Piatt County
18,147,Spencer County
19,147,Palo Alto County
20,147,Phillips County
21,147,McCreary County
26,147,St. Clair County
27,147,Steele County
28,147,Walthall County
29,147,Nodaway County
31,147,Richardson County
37,147,Pitt County
39,147,Seneca County
40,147,Washington County
47,147,Robertson County
48,147,Fannin County
51,147,Prince Edward County
72,147,Vieques Municipio
05,149,Yell County
13,149,Heard County
17,149,Pike County
18,149,Starke County
19,149,Plymouth County
20,149,Pottawatomie County
21,149,McLean County
26,149,St. Joseph County
27,149,Stevens County
28,149,Warren County
29,149,Oregon County
31,149,Rock County
37,149,Polk County
39,149,Shelby County
40,149,Washita County
47,149,Rutherford County
48,149,Fayette County
51,149,Prince George County
72,149,Villalba Municipio
02,150,Kodiak Island Borough
13,151,Henry County
17,151,Pope County
18,151,Steuben County
19,151,Pocahontas County
20,151,Pratt County
21,151,Madison County
26,151,Sanilac County
27,151,Swift County
28,151,Washington County
29,151,Osage County
31,151,Saline County
37,151,Randolph County
39,151,Stark County
40,151,Woods County
47,151,Scott County
48,151,Fisher County
72,151,Yabucoa Municipio
13,153,Houston County
17,153,Pulaski County
18,153,Sullivan County
19,153,Polk County
20,153,Rawlins County
21,153,Magoffin County
26,153,Schoolcraft County
27,153,Todd County
28,153,Wayne County
29,153,Ozark County
31,153,Sarpy County
37,153,Richmond County
39,153,Summit County
40,153,Woodward County
47,153,Sequatchie County
48,153,Floyd County
51,153,Prince William County
72,153,Yauco Municipio
13,155,Irwin County
17,155,Putnam County
18,155,Switzerland County
19,155,Pottawattamie County
20,155,Reno County
21,155,Marion County
26,155,Shiawassee County
27,155,Traverse County
28,155,Webster County
29,155,Pemiscot County
31,155,Saunders County
37,155,Robeson County
39,155,Trumbull County
47,155,Sevier County
48,155,Foard County
51,155,Pulaski County
13,157,Jackson County
17,157,Randolph County
18,157,Tippecanoe County
19,157,Poweshiek County
20,157,Republic County
21,157,Marshall County
26,157,Tuscola County
27,157,Wabasha County
28,157,Wilkinson County
29,157,Perry County
31,157,Scotts Bluff County
37,157,Rockingham County
39,157,Tuscarawas County
47,157,Shelby County
48,157,Fort Bend County
51,157,Rappahannock County
02,158,Kusilvak Census Area
13,159,Jasper County
17,159,Richland County
18,159,Tipton County
19,159,Ringgold County
20,159,Rice County
21,159,Martin County
26,159,Van Buren County
27,159,Wadena County
28,159,Winston County
29,159,Pettis County
31,159,Seward County
37,159,Rowan County
39,159,Union County
47,159,Smith County
48,159,Franklin County
51,159,Richmond County
13,161,Jeff Davis County
17,161,Rock Island County
18,161,Union County
19,161,Sac County
20,161,Riley County
21,161,Mason County
26,161,Washtenaw County
27,161,Waseca County
28,161,Yalobusha County
29,161,Phelps County
31,161,Sheridan County
37,161,Rutherford County
39,161,Van Wert County
47,161,Stewart County
48,161,Freestone County
51,161,Roanoke County
13,163,Jefferson County
17,163,St. Clair County
18,163,Vanderburgh County
19,163,Scott County
20,163,Rooks County
21,163,Meade County
26,163,Wayne County
27,163,Washington County
28,163,Yazoo County
29,163,Pike County
31,163,Sherman County
37,163,Sampson County
39,163,Vinton County
47,163,Sullivan County
48,163,Frio County
51,163,Rockbridge County
02,164,Lake and Peninsula Borough
13,165,Jenkins County
17,165,Saline County
18,165,Vermillion County
19,165,Shelby County
20,165,Rush County
21,165,Menifee County
26,165,Wexford County
27,165,Watonwan County
29,165,Platte County
31,165,Sioux County
37,165,Scotland County
39,165,Warren County
47,165,Sumner County
48,165,Gaines County
51,165,Rockingham County
13,167,Johnson County
17,167,Sangamon County
18,167,Vigo County
19,167,Sioux County
20,167,Russell County
21,167,Mercer County
27,167,Wilkin County
29,167,Polk County
31,167,Stanton County
37,167,Stanly County
39,167,Washington County
47,167,Tipton County
48,167,Galveston County
51,167,Russell County
13,169,Jones County
17,169,Schuyler County
18,169,Wabash County
19,169,Story County
20,169,Saline County
21,169,Metcalfe County
27,169,Winona County
29,169,Pulaski County
31,169,Thayer County
37,169,Stokes County
39,169,Wayne County
47,169,Trousdale County
48,169,Garza County
51,169,Scott County
02,170,Matanuska-Susitna Borough
13,171,Lamar County
17,171,Scott County
18,171,Warren County
19,171,Tama County
20,171,Scott County
21,171,Monroe County
27,171,Wright County
29,171,Putnam County
31,171,Thomas County
37,171,Surry County
39,171,Williams County
47,171,Unicoi County
48,171,Gillespie County
51,171,Shenandoah County
13,173,Lanier County
17,173,Shelby County
18,173,Warrick County
19,173,Taylor County
20,173,Sedgwick County
21,173,Montgomery County
27,173,Yellow Medicine County
29,173,Ralls County
31,173,Thurston County
37,173,Swain County
39,173,Wood County
47,173,Union County
48,173,Glasscock County
51,173,Smyth County
13,175,Laurens County
17,175,Stark County
18,175,Washington County
19,175,Union County
20,175,Seward County
21,175,Morgan County
29,175,Randolph County
31,175,Valley County
37,175,Transylvania County
39,175,Wyandot County
47,175,Van Buren County
48,175,Goliad County
51,175,Southampton County
13,177,Lee County
17,177,Stephenson County
18,177,Wayne County
19,177,Van Buren County
20,177,Shawnee County
21,177,Muhlenberg County
29,177,Ray County
31,177,Washington County
37,177,Tyrrell County
47,177,Warren County
48,177,Gonzales County
51,177,Spotsylvania County
13,179,Liberty County
17,179,Tazewell County
18,179,Wells County
19,179,Wapello County
20,179,Sheridan County
21,179,Nelson County
29,179,Reynolds County
31,179,Wayne County
37,179,Union County
47,179,Washington County
48,179,Gray County
51,179,Stafford County
02,180,Nome Census Area
13,181,Lincoln County
17,181,Union County
18,181,White County
19,181,Warren County
20,181,Sherman County
21,181,Nicholas County
29,181,Ripley County
31,181,Webster County
37,181,Vance County
47,181,Wayne County
48,181,Grayson County
51,181,Surry County
13,183,Long County
17,183,Vermilion County
18,183,Whitley County
19,183,Washington County
20,183,Smith County
21,183,Ohio County
29,183,St. Charles County
31,183,Wheeler County
37,183,Wake County
47,183,Weakley County
48,183,Gregg County
51,183,Sussex County
02,185,North Slope Borough
13,185,Lowndes County
17,185,Wabash County
19,185,Wayne County
20,185,Stafford County
21,185,Oldham County
29,185,St. Clair County
31,185,York County
37,185,Warren County
47,185,White County
48,185,Grimes County
51,185,Tazewell County
29,186,Ste. Genevieve County
13,187,Lumpkin County
17,187,Warren County
19,187,Webster County
20,187,Stanton County
21,187,Owen County
29,187,St. Francois County
37,187,Washington County
47,187,Williamson County
48,187,Guadalupe County
51,187,Warren County
02,188,Northwest Arctic Borough
13,189,McDuffie County
17,189,Washington County
19,189,Winnebago County
20,189,Stevens County
21,189,Owsley County
29,189,St. Louis County
37,189,Watauga County
47,189,Wilson County
48,189,Hale County
13,191,McIntosh County
17,191,Wayne County
19,191,Winneshiek County
20,191,Sumner County
21,191,Pendleton County
37,191,Wayne County
48,191,Hall County
51,191,Washington County
13,193,Macon County
17,193,White County
19,193,Woodbury County
20,193,Thomas County
21,193,Perry County
37,193,Wilkes County
48,193,Hamilton County
51,193,Westmoreland County
02,195,Petersburg Borough
13,195,Madison County
17,195,Whiteside County
19,195,Worth County
20,195,Trego County
21,195,Pike County
29,195,Saline County
37,195,Wilson County
48,195,Hansford County
51,195,Wise County
13,197,Marion County
17,197,Will County
19,197,Wright County
20,197,Wabaunsee County
21,197,Powell County
29,197,Schuyler County
37,197,Yadkin County
48,197,Hardeman County
51,197,Wythe County
02,198,Prince of Wales-Hyder Census Area
13,199,Meriwether County
17,199,Williamson County
20,199,Wallace County
21,199,Pulaski County
29,199,Scotland County
37,199,Yancey County
48,199,Hardin County
51,199,York County
13,201,Miller County
17,201,Winnebago County
20,201,Washington County
21,201,Robertson County
29,201,Scott County
48,201,Harris County
17,203,Woodford County
20,203,Wichita County
21,203,Rockcastle County
29,203,Shannon County
48,203,Harrison County
13,205,Mitchell County
20,205,Wilson County
21,205,Rowan County
29,205,Shelby County
48,205,Hartley County
13,207,Monroe County
20,207,Woodson County
21,207,Russell County
29,207,Stoddard County
48,207,Haskell County
13,209,Montgomery County
20,209,Wyandotte County
21,209,Scott County
29,209,Stone County
48,209,Hays County
13,211,Morgan County
21,211,Shelby County
29,211,Sullivan County
48,211,Hemphill County
13,213,Murray County
21,213,Simpson County
29,213,Taney County
48,213,Henderson County
13,215,Muscogee County
21,215,Spencer County
29,215,Texas County
48,215,Hidalgo County
13,217,Newton County
21,217,Taylor County
29,217,Vernon County
48,217,Hill County
13,219,Oconee County
21,219,Todd County
29,219,Warren County
48,219,Hockley County
02,220,Sitka City and Borough
13,221,Oglethorpe County
21,221,Trigg County
29,221,Washington County
48,221,Hood County
13,223,Paulding County
21,223,Trimble County
29,223,Wayne County
48,223,Hopkins County
13,225,Peach County
21,225,Union County
29,225,Webster County
48,225,Houston County
13,227,Pickens County
21,227,Warren County
29,227,Worth County
48,227,Howard County
13,229,Pierce County
21,229,Washington County
29,229,Wright County
48,229,Hudspeth County
02,230,Skagway Municipality
13,231,Pike County
21,231,Wayne County
48,231,Hunt County
13,233,Polk County
21,233,Webster County
48,233,Hutchinson County
13,235,Pulaski County
21,235,Whitley County
48,235,Irion County
13,237,Putnam County
21,237,Wolfe County
48,237,Jack County
13,239,Quitman County
21,239,Woodford County
48,239,Jackson County
02,240,Southeast Fairbanks Census Area
13,241,Rabun County
48,241,Jasper County
13,243,Randolph County
48,243,Jeff Davis County
13,245,Richmond County
48,245,Jefferson County
13,247,Rockdale County
48,247,Jim Hogg County
13,249,Schley County
48,249,Jim Wells County
13,251,Screven County
48,251,Johnson County
13,253,Seminole County
48,253,Jones County
13,255,Spalding County
48,255,Karnes County
13,257,Stephens County
48,257,Kaufman County
13,259,Stewart County
48,259,Kendall County
02,261,Valdez-Cordova Census Area
13,261,Sumter County
48,261,Kenedy County
13,263,Talbot County
48,263,Kent County
13,265,Taliaferro County
48,265,Kerr County
13,267,Tattnall County
48,267,Kimble County
13,269,Taylor County
48,269,King County
13,271,Telfair County
48,271,Kinney County
13,273,Terrell County
48,273,Kleberg County
02,275,Wrangell City and Borough
13,275,Thomas County
48,275,Knox County
13,277,Tift County
48,277,Lamar County
13,279,Toombs County
48,279,Lamb County
13,281,Towns County
48,281,Lampasas County
02,282,Yakutat City and Borough
13,283,Treutlen County
48,283,La Salle County
13,285,Troup County
48,285,Lavaca County
13,287,Turner County
48,287,Lee County
13,289,Twiggs County
48,289,Leon County
02,290,Yukon-Koyukuk Census Area
13,291,Union County
48,291,Liberty County
13,293,Upson County
48,293,Limestone County
13,295,Walker County
48,295,Lipscomb County
13,297,Walton County
48,297,Live Oak County
13,299,Ware County
48,299,Llano County
13,301,Warren County
48,301,Loving County
13,303,Washington County
48,303,Lubbock County
13,305,Wayne County
48,305,Lynn County
13,307,Webster County
48,307,McCulloch County
13,309,Wheeler County
48,309,McLennan County
13,311,White County
48,311,McMullen County
13,313,Whitfield County
48,313,Madison County
13,315,Wilcox County
48,315,Marion County
13,317,Wilkes County
48,317,Martin County
13,319,Wilkinson County
48,319,Mason County
13,321,Worth County
48,321,Matagorda County
48,323,Maverick County
48,325,Medina County
48,327,Menard County
48,329,Midland County
48,331,Milam County
48,333,Mills County
48,335,Mitchell County
48,337,Montague County
48,339,Montgomery County
48,341,Moore County
48,343,Morris County
48,345,Motley County
48,347,Nacogdoches County
48,349,Navarro County
48,351,Newton County
48,353,Nolan County
48,355,Nueces County
48,357,Ochiltree County
48,359,Oldham County
48,361,Orange County
48,363,Palo Pinto County
48,365,Panola County
48,367,Parker County
48,369,Parmer County
48,371,Pecos County
48,373,Polk County
48,375,Potter County
48,377,Presidio County
48,379,Rains County
48,381,Randall County
48,383,Reagan County
48,385,Real County
48,387,Red River County
48,389,Reeves County
48,391,Refugio County
48,393,Roberts County
48,395,Robertson County
48,397,Rockwall County
48,399,Runnels County
48,401,Rusk County
48,403,Sabine County
48,405,San Augustine County
48,407,San Jacinto County
48,409,San Patricio County
48,411,San Saba County
48,413,Schleicher County
48,415,Scurry County
48,417,Shackelford County
48,419,Shelby County
48,421,Sherman County
48,423,Smith County
48,425,Somervell County
48,427,Starr County
48,429,Stephens County
48,431,Sterling County
48,433,Stonewall County
48,435,Sutton County
48,437,Swisher County
48,439,Tarrant County
48,441,Taylor County
48,443,Terrell County
48,445,Terry County
48,447,Throckmorton County
48,449,Titus County
48,451,Tom Green County
48,453,Travis County
48,455,Trinity County
48,457,Tyler County
48,459,Upshur County
48,461,Upton County
48,463,Uvalde County
48,465,Val Verde County
48,467,Van Zandt County
48,469,Victoria County
48,471,Walker County
48,473,Waller County
48,475,Ward County
48,477,Washington County
48,479,Webb County
48,481,Wharton County
48,483,Wheeler County
48,485,Wichita County
48,487,Wilbarger County
48,489,Willacy County
48,491,Williamson County
48,493,Wilson County
48,495,Winkler County
48,497,Wise County
48,499,Wood County
48,501,Yoakum County
48,503,Young County
48,505,Zapata County
48,507,Zavala County
24,510,Baltimore city
29,510,St. Louis city
32,510,Carson City
51,510,Alexandria city
51,520,Bristol city
51,530,Buena Vista city
51,540,Charlottesville city
51,550,Chesapeake city
51,570,Colonial Heights city
51,580,Covington city
51,590,Danville city
51,595,Emporia city
51,600,Fairfax city
51,610,Falls Church city
51,620,Franklin city
51,630,Fredericksburg city
51,640,Galax city
51,650,Hampton city
51,660,Harrisonburg city
51,670,Hopewell city
51,678,Lexington city
51,680,Lynchburg city
51,683,Manassas city
51,685,Manassas Park city
51,690,Martinsville city
51,700,Newport News city
51,710,Norfolk city
51,720,Norton city
51,730,Petersburg city
51,735,Poquoson city
51,740,Portsmouth city
51,750,Radford city
51,760,Richmond city
51,770,Roanoke city
51,775,Salem city
51,790,Staunton city
51,800,Suffolk city
51,810,Virginia Beach city
51,820,Waynesboro city
51,830,Williamsburg city
51,840,Winchester city