,region_code,region_code_type,region_code_level,parent_region_code,level_1_region_code,level_2_region_code,level_3_region_code,region_name,alt_name1,alt_name2,alt_name3,alt_name4,population_year,population,iso_3166-1_alpha-2,iso_3166-1_alpha-3,iso_numeric,region_level
0,AFG,iso_3166-1,1,WORLD,AFG,None,None,Afghanistan,Afghanistan,,,,2020.0,38928341.0,AF,AFG,4.0,country
1,ALB,iso_3166-1,1,WORLD,ALB,None,None,Albania,Albania,Albania,,Albania,2020.0,2877800.0,AL,ALB,8.0,country
2,DZA,iso_3166-1,1,WORLD,DZA,None,None,Algeria,Algeria,,,Algeria,2020.0,43851043.0,DZ,DZA,12.0,country
3,AND,iso_3166-1,1,WORLD,AND,None,None,Andorra,Andorra,,,,2020.0,77265.0,AD,AND,20.0,country
4,AGO,iso_3166-1,1,WORLD,AGO,None,None,Angola,Angola,,,,2020.0,32866268.0,AO,AGO,24.0,country
5,AIA,iso_3166-1,1,WORLD,AIA,None,None,Anguilla,Anguilla,,,,2020.0,15002.0,AI,AIA,660.0,country
6,ATG,iso_3166-1,1,WORLD,ATG,None,None,Antigua and Barbuda,Antigua and Barbuda,,,,2020.0,97928.0,AG,ATG,28.0,country
7,ARG,iso_3166-1,1,WORLD,ARG,None,None,Argentina,Argentina,Argentina,,Argentina,2020.0,45195777.0,AR,ARG,32.0,country
8,ARM,iso_3166-1,1,WORLD,ARM,None,None,Armenia,Armenia,,,Armenia,2020.0,2963234.0,AM,ARM,51.0,country
9,ABW,iso_3166-1,1,WORLD,ABW,None,None,Aruba,Aruba,,,,2020.0,106766.0,AW,ABW,533.0,country
10,AUS,iso_3166-1,1,WORLD,AUS,None,None,Australia,Australia,Australia,,Australia,2020.0,25499881.0,AU,AUS,36.0,country
11,AUT,iso_3166-1,1,WORLD,AUT,None,None,Austria,Austria,Austria,Austria,Austria,2020.0,9006400.0,AT,AUT,40.0,country
12,AZE,iso_3166-1,1,WORLD,AZE,None,None,Azerbaijan,Azerbaijan,,,Azerbaijan,2020.0,10139175.0,AZ,AZE,31.0,country
13,BHS,iso_3166-1,1,WORLD,BHS,None,None,Bahamas,Bahamas,,,,2020.0,393248.0,BS,BHS,44.0,country
14,BHR,iso_3166-1,1,WORLD,BHR,None,None,Bahrain,Bahrain,,,,2020.0,1701583.0,BH,BHR,48.0,country
15,BGD,iso_3166-1,1,WORLD,BGD,None,None,Bangladesh,Bangladesh,,,Bangladesh,2020.0,164689383.0,BD,BGD,50.0,country
16,BRB,iso_3166-1,1,WORLD,BRB,None,None,Barbados,Barbados,,,Barbados,2020.0,287371.0,BB,BRB,52.0,country
17,BLR,iso_3166-1,1,WORLD,BLR,None,None,Belarus,Belarus,,,,2020.0,9449321.0,BY,BLR,112.0,country
18,BEL,iso_3166-1,1,WORLD,BEL,None,None,Belgium,Belgium,Belgium,Belgium,Belgium,2020.0,11589616.0,BE,BEL,56.0,country
19,BLZ,iso_3166-1,1,WORLD,BLZ,None,None,Belize,Belize,,,,2020.0,397621.0,BZ,BLZ,84.0,country
20,BEN,iso_3166-1,1,WORLD,BEN,None,None,Benin,Benin,,,,2020.0,12123198.0,BJ,BEN,204.0,country
21,BMU,iso_3166-1,1,WORLD,BMU,None,None,Bermuda,Bermuda,,,Bermuda,2020.0,62273.0,BM,BMU,60.0,country
22,BTN,iso_3166-1,1,WORLD,BTN,None,None,Bhutan,Bhutan,,,,2020.0,771612.0,BT,BTN,64.0,country
23,BOL,iso_3166-1,1,WORLD,BOL,None,None,Bolivia,Bolivia,,,Bolivia,2020.0,11673029.0,BO,BOL,68.0,country
24,BES,iso_3166-1,1,WORLD,BES,None,None,Bonaire Sint Eustatius and Saba,Bonaire Sint Eustatius and Saba,,,,2020.0,26221.0,BQ,BES,535.0,country
25,BIH,iso_3166-1,1,WORLD,BIH,None,None,Bosnia and Herzegovina,Bosnia and Herzegovina,,,,2020.0,3280815.0,BA,BIH,70.0,country
26,BWA,iso_3166-1,1,WORLD,BWA,None,None,Botswana,Botswana,,,Botswana,2020.0,2351625.0,BW,BWA,72.0,country
27,BRA,iso_3166-1,1,WORLD,BRA,None,None,Brazil,Brazil,Brazil,,,2020.0,212559409.0,BR,BRA,76.0,country
28,VGB,iso_3166-1,1,WORLD,VGB,None,None,British Virgin Islands,British Virgin Islands,,,,2020.0,30237.0,VG,VGB,92.0,country
29,BRN,iso_3166-1,1,WORLD,BRN,None,None,Brunei,Brunei,,,,2020.0,437483.0,BN,BRN,96.0,country
30,BGR,iso_3166-1,1,WORLD,BGR,None,None,Bulgaria,Bulgaria,Bulgaria,Bulgaria,Bulgaria,2020.0,6948445.0,BG,BGR,100.0,country
31,BFA,iso_3166-1,1,WORLD,BFA,None,None,Burkina Faso,Burkina Faso,,,,2020.0,20903278.0,BF,BFA,854.0,country
32,BDI,iso_3166-1,1,WORLD,BDI,None,None,Burundi,Burundi,,,,2020.0,11890781.0,BI,BDI,108.0,country
33,KHM,iso_3166-1,1,WORLD,KHM,None,None,Cambodia,Cambodia,Cambodia,,,2020.0,16718971.0,KH,KHM,116.0,country
34,CMR,iso_3166-1,1,WORLD,CMR,None,None,Cameroon,Cameroon,,,,2020.0,26545864.0,CM,CMR,120.0,country
35,CAN,iso_3166-1,1,WORLD,CAN,None,None,Canada,Canada,Canada,,,2020.0,37742157.0,CA,CAN,124.0,country
36,CPV,iso_3166-1,1,WORLD,CPV,None,None,Cape Verde,Cape Verde,,,,2020.0,555988.0,CV,CPV,132.0,country
37,CYM,iso_3166-1,1,WORLD,CYM,None,None,Cayman Islands,Cayman Islands,,,,2020.0,65720.0,KY,CYM,136.0,country
38,CAF,iso_3166-1,1,WORLD,CAF,None,None,Central African Republic,Central African Republic,,,,2020.0,4829764.0,CF,CAF,140.0,country
39,TCD,iso_3166-1,1,WORLD,TCD,None,None,Chad,Chad,,,,2020.0,16425859.0,TD,TCD,148.0,country
40,CHL,iso_3166-1,1,WORLD,CHL,None,None,Chile,Chile,Chile,,Chile,2020.0,19116209.0,CL,CHL,152.0,country
41,CHN,iso_3166-1,1,WORLD,CHN,None,None,China,China,,,,2020.0,1439323774.0,CN,CHN,156.0,country
42,COL,iso_3166-1,1,WORLD,COL,None,None,Colombia,Colombia,Colombia,,Colombia,2020.0,50882884.0,CO,COL,170.0,country
43,COG,iso_3166-1,1,WORLD,COG,None,None,Congo,Congo,,,Republic of the Congo,2020.0,5518092.0,CG,COG,178.0,country
44,CRI,iso_3166-1,1,WORLD,CRI,None,None,Costa Rica,Costa Rica,,,Costa Rica,2020.0,5094114.0,CR,CRI,188.0,country
45,CIV,iso_3166-1,1,WORLD,CIV,None,None,Cote d'Ivoire,Cote d'Ivoire,,,,2020.0,26378275.0,CI,CIV,384.0,country
46,HRV,iso_3166-1,1,WORLD,HRV,None,None,Croatia,Croatia,,Croatia,Croatia,2020.0,4105268.0,HR,HRV,191.0,country
47,CUB,iso_3166-1,1,WORLD,CUB,None,None,Cuba,Cuba,,,Cuba,2020.0,11326616.0,CU,CUB,192.0,country
48,CUW,iso_3166-1,1,WORLD,CUW,None,None,Curacao,Curacao,,,,2020.0,164100.0,CW,CUW,531.0,country
49,CYP,iso_3166-1,1,WORLD,CYP,None,None,Cyprus,Cyprus,,Cyprus,,2020.0,875899.0,CY,CYP,196.0,country
50,CZE,iso_3166-1,1,WORLD,CZE,None,None,Czech Republic,Czech Republic,Czech Republic,Czechia,Czech Republic,2020.0,10708982.0,CZ,CZE,203.0,country
51,COD,iso_3166-1,1,WORLD,COD,None,None,Democratic Republic of Congo,Democratic Republic of Congo,,,,2020.0,89561404.0,CD,COD,180.0,country
52,DNK,iso_3166-1,1,WORLD,DNK,None,None,Denmark,Denmark,Denmark,Denmark,Denmark,2020.0,5792203.0,DK,DNK,208.0,country
53,DJI,iso_3166-1,1,WORLD,DJI,None,None,Djibouti,Djibouti,,,,2020.0,988002.0,DJ,DJI,262.0,country
54,DMA,iso_3166-1,1,WORLD,DMA,None,None,Dominica,Dominica,,,,2020.0,71991.0,DM,DMA,212.0,country
55,DOM,iso_3166-1,1,WORLD,DOM,None,None,Dominican Republic,Dominican Republic,,,,2020.0,10847904.0,DO,DOM,214.0,country
56,ECU,iso_3166-1,1,WORLD,ECU,None,None,Ecuador,Ecuador,,,Ecuador,2020.0,17643060.0,EC,ECU,218.0,country
57,EGY,iso_3166-1,1,WORLD,EGY,None,None,Egypt,Egypt,Egypt,,,2020.0,102334403.0,EG,EGY,818.0,country
58,SLV,iso_3166-1,1,WORLD,SLV,None,None,El Salvador,El Salvador,,,El Salvador,2020.0,6486201.0,SV,SLV,222.0,country
59,GNQ,iso_3166-1,1,WORLD,GNQ,None,None,Equatorial Guinea,Equatorial Guinea,,,,2020.0,1402985.0,GQ,GNQ,226.0,country
60,ERI,iso_3166-1,1,WORLD,ERI,None,None,Eritrea,Eritrea,,,Eritrea,2020.0,3546427.0,ER,ERI,232.0,country
61,EST,iso_3166-1,1,WORLD,EST,None,None,Estonia,Estonia,Estonia,Estonia,Estonia,2020.0,1326539.0,EE,EST,233.0,country
62,ETH,iso_3166-1,1,WORLD,ETH,None,None,Ethiopia,Ethiopia,,,,2020.0,114963583.0,ET,ETH,231.0,country
63,FRO,iso_3166-1,1,WORLD,FRO,None,None,Faeroe Islands,Faeroe Islands,,,,2020.0,48865.0,FO,FRO,234.0,country
64,FLK,iso_3166-1,1,WORLD,FLK,None,None,Falkland Islands,Falkland Islands,,,,2020.0,3483.0,FK,FLK,238.0,country
65,FJI,iso_3166-1,1,WORLD,FJI,None,None,Fiji,Fiji,,,Fiji,2020.0,896444.0,FJ,FJI,242.0,country
66,FIN,iso_3166-1,1,WORLD,FIN,None,None,Finland,Finland,Finland,Finland,Finland,2020.0,5540718.0,FI,FIN,246.0,country
67,FRA,iso_3166-1,1,WORLD,FRA,None,None,France,France,France,France,France,2020.0,65273512.0,FR,FRA,250.0,country
68,PYF,iso_3166-1,1,WORLD,PYF,None,None,French Polynesia,French Polynesia,,,,2020.0,280904.0,PF,PYF,258.0,country
69,GAB,iso_3166-1,1,WORLD,GAB,None,None,Gabon,Gabon,,,,2020.0,2225728.0,GA,GAB,266.0,country
70,GMB,iso_3166-1,1,WORLD,GMB,None,None,Gambia,Gambia,,,,2020.0,2416664.0,GM,GMB,270.0,country
71,GEO,iso_3166-1,1,WORLD,GEO,None,None,Georgia,Georgia,,,Georgia,2020.0,3989175.0,GE,GEO,268.0,country
72,DEU,iso_3166-1,1,WORLD,DEU,None,None,Germany,Germany,Germany,,Germany,2020.0,83783945.0,DE,DEU,276.0,country
73,GHA,iso_3166-1,1,WORLD,GHA,None,None,Ghana,Ghana,,,Ghana,2020.0,31072945.0,GH,GHA,288.0,country
74,GIB,iso_3166-1,1,WORLD,GIB,None,None,Gibraltar,Gibraltar,,,Gibraltar,2020.0,33691.0,GI,GIB,292.0,country
75,GRC,iso_3166-1,1,WORLD,GRC,None,None,Greece,Greece,,Greece,Greece,2020.0,10423056.0,GR,GRC,300.0,country
76,GRL,iso_3166-1,1,WORLD,GRL,None,None,Greenland,Greenland,,,,2020.0,56772.0,GL,GRL,304.0,country
77,GRD,iso_3166-1,1,WORLD,GRD,None,None,Grenada,Grenada,,,,2020.0,112519.0,GD,GRD,308.0,country
78,GUM,iso_3166-1,1,WORLD,GUM,None,None,Guam,Guam,,,,2020.0,168783.0,GU,GUM,316.0,country
79,GTM,iso_3166-1,1,WORLD,GTM,None,None,Guatemala,Guatemala,,,,2020.0,17915567.0,GT,GTM,320.0,country
80,GGY,iso_3166-1,1,WORLD,GGY,None,None,Guernsey,Guernsey,,,Guernsey,,,GG,GGY,831.0,country
81,GIN,iso_3166-1,1,WORLD,GIN,None,None,Guinea,Guinea,,,,2020.0,13132792.0,GN,GIN,324.0,country
82,GNB,iso_3166-1,1,WORLD,GNB,None,None,Guinea-Bissau,Guinea-Bissau,,,,2020.0,1967998.0,GW,GNB,624.0,country
83,GUY,iso_3166-1,1,WORLD,GUY,None,None,Guyana,Guyana,,,,2020.0,786559.0,GY,GUY,328.0,country
84,HTI,iso_3166-1,1,WORLD,HTI,None,None,Haiti,Haiti,,,,2020.0,11402533.0,HT,HTI,332.0,country
85,HND,iso_3166-1,1,WORLD,HND,None,None,Honduras,Honduras,,,Honduras,2020.0,9904608.0,HN,HND,340.0,country
86,HUN,iso_3166-1,1,WORLD,HUN,None,None,Hungary,Hungary,Hungary,Hungary,Hungary,2020.0,9660350.0,HU,HUN,348.0,country
87,ISL,iso_3166-1,1,WORLD,ISL,None,None,Iceland,Iceland,Iceland,Iceland,,2020.0,341250.0,IS,ISL,352.0,country
88,IND,iso_3166-1,1,WORLD,IND,None,None,India,India,India,,India,2020.0,1380004385.0,IN,IND,356.0,country
89,IDN,iso_3166-1,1,WORLD,IDN,None,None,Indonesia,Indonesia,Indonesia,,Indonesia,2020.0,273523621.0,ID,IDN,360.0,country
90,IRN,iso_3166-1,1,WORLD,IRN,None,None,Iran,Iran,,,Iran,2020.0,83992953.0,IR,IRN,364.0,country
91,IRQ,iso_3166-1,1,WORLD,IRQ,None,None,Iraq,Iraq,,,Iraq,2020.0,40222503.0,IQ,IRQ,368.0,country
92,IRL,iso_3166-1,1,WORLD,IRL,None,None,Ireland,Ireland,Ireland,Ireland,Ireland,2020.0,4937796.0,IE,IRL,372.0,country
93,IMN,iso_3166-1,1,WORLD,IMN,None,None,Isle of Man,Isle of Man,,,,2020.0,85032.0,IM,IMN,833.0,country
94,ISR,iso_3166-1,1,WORLD,ISR,None,None,Israel,Israel,Israel,,,2020.0,8655541.0,IL,ISR,376.0,country
95,ITA,iso_3166-1,1,WORLD,ITA,None,None,Italy,Italy,Italy,,Italy,2020.0,60461828.0,IT,ITA,380.0,country
96,JAM,iso_3166-1,1,WORLD,JAM,None,None,Jamaica,Jamaica,,,Jamaica,2020.0,2961161.0,JM,JAM,388.0,country
97,JPN,iso_3166-1,1,WORLD,JPN,None,None,Japan,Japan,Japan,,,2020.0,126476458.0,JP,JPN,392.0,country
98,JEY,iso_3166-1,1,WORLD,JEY,None,None,Jersey,Jersey,,,,2020.0,,JE,JEY,832.0,country
99,JOR,iso_3166-1,1,WORLD,JOR,None,None,Jordan,Jordan,,,Jordan,2020.0,10203140.0,JO,JOR,400.0,country
100,KAZ,iso_3166-1,1,WORLD,KAZ,None,None,Kazakhstan,Kazakhstan,,,,2020.0,18776707.0,KZ,KAZ,398.0,country
101,KEN,iso_3166-1,1,WORLD,KEN,None,None,Kenya,Kenya,,,,2020.0,53771300.0,KE,KEN,404.0,country
102,KWT,iso_3166-1,1,WORLD,KWT,None,None,Kuwait,Kuwait,,,,2020.0,4270563.0,KW,KWT,414.0,country
103,KGZ,iso_3166-1,1,WORLD,KGZ,None,None,Kyrgyzstan,Kyrgyzstan,,,,2020.0,6524191.0,KG,KGZ,417.0,country
104,LAO,iso_3166-1,1,WORLD,LAO,None,None,Laos,Laos,,,,2020.0,7275556.0,LA,LAO,418.0,country
105,LVA,iso_3166-1,1,WORLD,LVA,None,None,Latvia,Latvia,Latvia,Latvia,,2020.0,1886202.0,LV,LVA,428.0,country
106,LBN,iso_3166-1,1,WORLD,LBN,None,None,Lebanon,Lebanon,,,Lebanon,2020.0,6825442.0,LB,LBN,422.0,country
107,LBR,iso_3166-1,1,WORLD,LBR,None,None,Liberia,Liberia,,,Liberia,2020.0,5057677.0,LR,LBR,430.0,country
108,LBY,iso_3166-1,1,WORLD,LBY,None,None,Libya,Libya,,,Libya,2020.0,6871287.0,LY,LBY,434.0,country
109,LIE,iso_3166-1,1,WORLD,LIE,None,None,Liechtenstein,Liechtenstein,,,,2020.0,38137.0,LI,LIE,438.0,country
110,LTU,iso_3166-1,1,WORLD,LTU,None,None,Lithuania,Lithuania,Lithuania,Lithuania,Lithuania,2020.0,2722291.0,LT,LTU,440.0,country
111,LUX,iso_3166-1,1,WORLD,LUX,None,None,Luxembourg,Luxembourg,Luxembourg,Luxembourg,Luxembourg,2020.0,625976.0,LU,LUX,442.0,country
112,MKD,iso_3166-1,1,WORLD,MKD,None,None,Macedonia,Macedonia,,,,2020.0,2083380.0,MK,MKD,807.0,country
113,MDG,iso_3166-1,1,WORLD,MDG,None,None,Madagascar,Madagascar,,,Madagascar,2020.0,27691019.0,MG,MDG,450.0,country
114,MWI,iso_3166-1,1,WORLD,MWI,None,None,Malawi,Malawi,,,,2020.0,19129955.0,MW,MWI,454.0,country
115,MYS,iso_3166-1,1,WORLD,MYS,None,None,Malaysia,Malaysia,Malaysia,,Malaysia,2020.0,32365998.0,MY,MYS,458.0,country
116,MDV,iso_3166-1,1,WORLD,MDV,None,None,Maldives,Maldives,,,,2020.0,540542.0,MV,MDV,462.0,country
117,MLI,iso_3166-1,1,WORLD,MLI,None,None,Mali,Mali,,,,2020.0,20250834.0,ML,MLI,466.0,country
118,MLT,iso_3166-1,1,WORLD,MLT,None,None,Malta,Malta,,Malta,,2020.0,441539.0,MT,MLT,470.0,country
119,MRT,iso_3166-1,1,WORLD,MRT,None,None,Mauritania,Mauritania,,,,2020.0,4649660.0,MR,MRT,478.0,country
120,MUS,iso_3166-1,1,WORLD,MUS,None,None,Mauritius,Mauritius,,,Mauritius,2020.0,1271767.0,MU,MUS,480.0,country
121,MEX,iso_3166-1,1,WORLD,MEX,None,None,Mexico,Mexico,Mexico,,Mexico,2020.0,128932753.0,MX,MEX,484.0,country
122,MDA,iso_3166-1,1,WORLD,MDA,None,None,Moldova,Moldova,,,,2020.0,4033963.0,MD,MDA,498.0,country
123,MCO,iso_3166-1,1,WORLD,MCO,None,None,Monaco,Monaco,,,Monaco,2020.0,39244.0,MC,MCO,492.0,country
124,MNG,iso_3166-1,1,WORLD,MNG,None,None,Mongolia,Mongolia,,,,2020.0,3278292.0,MN,MNG,496.0,country
125,MNE,iso_3166-1,1,WORLD,MNE,None,None,Montenegro,Montenegro,,,,2020.0,628062.0,ME,MNE,499.0,country
126,MSR,iso_3166-1,1,WORLD,MSR,None,None,Montserrat,Montserrat,,,,2020.0,4999.0,MS,MSR,500.0,country
127,MAR,iso_3166-1,1,WORLD,MAR,None,None,Morocco,Morocco,Morocco,,Morocco,2020.0,36910558.0,MA,MAR,504.0,country
128,MOZ,iso_3166-1,1,WORLD,MOZ,None,None,Mozambique,Mozambique,,,,2020.0,31255435.0,MZ,MOZ,508.0,country
129,MMR,iso_3166-1,1,WORLD,MMR,None,None,Myanmar,Myanmar,,,,2020.0,54409794.0,MM,MMR,104.0,country
130,NAM,iso_3166-1,1,WORLD,NAM,None,None,Namibia,Namibia,,,,2020.0,2540916.0,,NAM,516.0,country
131,NPL,iso_3166-1,1,WORLD,NPL,None,None,Nepal,Nepal,,,Nepal,2020.0,10834.0,NP,NPL,524.0,country
132,NLD,iso_3166-1,1,WORLD,NLD,None,None,Netherlands,Netherlands,Netherlands,Netherlands,Netherlands,2020.0,17134873.0,NL,NLD,528.0,country
133,NCL,iso_3166-1,1,WORLD,NCL,None,None,New Caledonia,New Caledonia,,,,2020.0,285491.0,NC,NCL,540.0,country
134,NZL,iso_3166-1,1,WORLD,NZL,None,None,New Zealand,New Zealand,New Zealand,,New Zealand,2020.0,4822233.0,NZ,NZL,554.0,country
135,NIC,iso_3166-1,1,WORLD,NIC,None,None,Nicaragua,Nicaragua,,,,2020.0,6624554.0,NI,NIC,558.0,country
136,NER,iso_3166-1,1,WORLD,NER,None,None,Niger,Niger,,,,2020.0,24206636.0,NE,NER,562.0,country
137,NGA,iso_3166-1,1,WORLD,NGA,None,None,Nigeria,Nigeria,,,,2020.0,206139587.0,NG,NGA,566.0,country
138,MNP,iso_3166-1,1,WORLD,MNP,None,None,Northern Mariana Islands,Northern Mariana Islands,,,,2020.0,1618.0,MP,MNP,580.0,country
139,NOR,iso_3166-1,1,WORLD,NOR,None,None,Norway,Norway,Norway,Norway,Norway,2020.0,5421242.0,NO,NOR,578.0,country
140,OMN,iso_3166-1,1,WORLD,OMN,None,None,Oman,Oman,,,,2020.0,5106622.0,OM,OMN,512.0,country
141,PAK,iso_3166-1,1,WORLD,PAK,None,None,Pakistan,Pakistan,,,Pakistan,2020.0,220892331.0,PK,PAK,586.0,country
142,PSE,iso_3166-1,1,WORLD,PSE,None,None,Palestine,Palestine,,,,2020.0,5101416.0,PS,PSE,275.0,country
143,PAN,iso_3166-1,1,WORLD,PAN,None,None,Panama,Panama,,,,2020.0,4314768.0,PA,PAN,591.0,country
144,PNG,iso_3166-1,1,WORLD,PNG,None,None,Papua New Guinea,Papua New Guinea,,,,2020.0,8947027.0,PG,PNG,598.0,country
145,PRY,iso_3166-1,1,WORLD,PRY,None,None,Paraguay,Paraguay,,,Paraguay,2020.0,7132530.0,PY,PRY,600.0,country
146,PER,iso_3166-1,1,WORLD,PER,None,None,Peru,Peru,,,Peru,2020.0,32971846.0,PE,PER,604.0,country
147,PHL,iso_3166-1,1,WORLD,PHL,None,None,Philippines,Philippines,Philippines,,,2020.0,109581085.0,PH,PHL,608.0,country
148,POL,iso_3166-1,1,WORLD,POL,None,None,Poland,Poland,Poland,Poland,Poland,2020.0,37846605.0,PL,POL,616.0,country
149,PRT,iso_3166-1,1,WORLD,PRT,None,None,Portugal,Portugal,Portugal,Portugal,Portugal,2020.0,10196707.0,PT,PRT,620.0,country
150,PRI,iso_3166-1,1,WORLD,PRI,None,None,Puerto Rico,Puerto Rico,,,Puerto Rico,2020.0,2860840.0,PR,PRI,630.0,country
151,QAT,iso_3166-1,1,WORLD,QAT,None,None,Qatar,Qatar,,,,2020.0,2881060.0,QA,QAT,634.0,country
152,ROU,iso_3166-1,1,WORLD,ROU,None,None,Romania,Romania,Romania,Romania,Romania,2020.0,19237682.0,RO,ROU,642.0,country
153,RUS,iso_3166-1,1,WORLD,RUS,None,None,Russia,Russia,Russia,,,2020.0,145934460.0,RU,RUS,643.0,country
154,RWA,iso_3166-1,1,WORLD,RWA,None,None,Rwanda,Rwanda,,,Rwanda,2020.0,12952209.0,RW,RWA,646.0,country
155,BLM,iso_3166-1,1,WORLD,BLM,None,None,Saint Barthlemy,Saint Barthlemy,,,,2020.0,9885.0,BL,BLM,652.0,country
156,SHN,iso_3166-1,1,WORLD,SHN,None,None,Saint Helena,Saint Helena,,,,2020.0,6071.0,SH,SHN,654.0,country
157,KNA,iso_3166-1,1,WORLD,KNA,None,None,Saint Kitts and Nevis,Saint Kitts and Nevis,,,,2020.0,53192.0,KN,KNA,659.0,country
158,LCA,iso_3166-1,1,WORLD,LCA,None,None,Saint Lucia,Saint Lucia,,,,2020.0,183629.0,LC,LCA,662.0,country
159,VCT,iso_3166-1,1,WORLD,VCT,None,None,Saint Vincent and the Grenadines,Saint Vincent and the Grenadines,,,,2020.0,110947.0,VC,VCT,670.0,country
160,SMR,iso_3166-1,1,WORLD,SMR,None,None,San Marino,San Marino,,,,2020.0,33938.0,SM,SMR,674.0,country
161,STP,iso_3166-1,1,WORLD,STP,None,None,Sao Tome and Principe,Sao Tome and Principe,,,,2020.0,219161.0,ST,STP,678.0,country
162,SAU,iso_3166-1,1,WORLD,SAU,None,None,Saudi Arabia,Saudi Arabia,Saudi Arabia,,,2020.0,34813867.0,SA,SAU,682.0,country
163,SEN,iso_3166-1,1,WORLD,SEN,None,None,Senegal,Senegal,,,Senegal,2020.0,16743930.0,SN,SEN,686.0,country
164,SRB,iso_3166-1,1,WORLD,SRB,None,None,Serbia,Serbia,Serbia,,,2020.0,6804596.0,RS,SRB,688.0,country
165,SYC,iso_3166-1,1,WORLD,SYC,None,None,Seychelles,Seychelles,,,,2020.0,98340.0,SC,SYC,690.0,country
166,SLE,iso_3166-1,1,WORLD,SLE,None,None,Sierra Leone,Sierra Leone,,,Sierra Leone,2020.0,7976985.0,SL,SLE,694.0,country
167,SGP,iso_3166-1,1,WORLD,SGP,None,None,Singapore,Singapore,Singapore,,Singapore,2020.0,5850343.0,SG,SGP,702.0,country
168,SXM,iso_3166-1,1,WORLD,SXM,None,None,Sint Maarten (Dutch part),Sint Maarten (Dutch part),,,,2020.0,42882.0,SX,SXM,534.0,country
169,SVK,iso_3166-1,1,WORLD,SVK,None,None,Slovakia,Slovakia,Slovakia,Slovakia,Slovakia,2020.0,5459643.0,SK,SVK,703.0,country
170,SVN,iso_3166-1,1,WORLD,SVN,None,None,Slovenia,Slovenia,Slovenia,Slovenia,Slovenia,2020.0,2078932.0,SI,SVN,705.0,country
171,SOM,iso_3166-1,1,WORLD,SOM,None,None,Somalia,Somalia,,,,2020.0,15893219.0,SO,SOM,706.0,country
172,ZAF,iso_3166-1,1,WORLD,ZAF,None,None,South Africa,South Africa,South Africa,,South Africa,2020.0,59308690.0,ZA,ZAF,710.0,country
173,KOR,iso_3166-1,1,WORLD,KOR,None,None,South Korea,South Korea,Republic of Korea,,,2020.0,51269183.0,KR,KOR,410.0,country
174,SSD,iso_3166-1,1,WORLD,SSD,None,None,South Sudan,South Sudan,,,,2020.0,11193729.0,SS,SSD,728.0,country
175,ESP,iso_3166-1,1,WORLD,ESP,None,None,Spain,Spain,Spain,,Spain,2020.0,46754783.0,ES,ESP,724.0,country
176,LKA,iso_3166-1,1,WORLD,LKA,None,None,Sri Lanka,Sri Lanka,,,Sri Lanka,2020.0,21413250.0,LK,LKA,144.0,country
177,SDN,iso_3166-1,1,WORLD,SDN,None,None,Sudan,Sudan,,,,2020.0,43849269.0,SD,SDN,729.0,country
178,SUR,iso_3166-1,1,WORLD,SUR,None,None,Suriname,Suriname,,,,2020.0,586634.0,SR,SUR,740.0,country
179,SWZ,iso_3166-1,1,WORLD,SWZ,None,None,Swaziland,Swaziland,,,,2020.0,1160164.0,SZ,SWZ,748.0,country
180,SWE,iso_3166-1,1,WORLD,SWE,None,None,Sweden,Sweden,Sweden,Sweden,,2020.0,10099270.0,SE,SWE,752.0,country
181,CHE,iso_3166-1,1,WORLD,CHE,None,None,Switzerland,Switzerland,Switzerland,Switzerland,Switzerland,2020.0,8654618.0,CH,CHE,756.0,country
182,SYR,iso_3166-1,1,WORLD,SYR,None,None,Syria,Syria,,,,2020.0,17500657.0,SY,SYR,760.0,country
183,TWN,iso_3166-1,1,WORLD,TWN,None,None,Taiwan,Taiwan,Taiwan,,,2020.0,23816775.0,TW,TWN,158.0,country
184,TZA,iso_3166-1,1,WORLD,TZA,None,None,Tanzania,Tanzania,,,,2020.0,59734213.0,TZ,TZA,834.0,country
185,THA,iso_3166-1,1,WORLD,THA,None,None,Thailand,Thailand,Thailand,,Thailand,2020.0,69799978.0,TH,THA,764.0,country
186,TLS,iso_3166-1,1,WORLD,TLS,None,None,Timor,Timor,,,,2020.0,1318442.0,TL,TLS,626.0,country
187,TGO,iso_3166-1,1,WORLD,TGO,None,None,Togo,Togo,,,,2020.0,8278737.0,TG,TGO,768.0,country
188,TTO,iso_3166-1,1,WORLD,TTO,None,None,Trinidad and Tobago,Trinidad and Tobago,,,Trinidad and Tobago,2020.0,1399491.0,TT,TTO,780.0,country
189,TUN,iso_3166-1,1,WORLD,TUN,None,None,Tunisia,Tunisia,,,Tunisia,2020.0,11818618.0,TN,TUN,788.0,country
190,TUR,iso_3166-1,1,WORLD,TUR,None,None,Turkey,Turkey,,,Turkey,2020.0,84339067.0,TR,TUR,792.0,country
191,TCA,iso_3166-1,1,WORLD,TCA,None,None,Turks and Caicos Islands,Turks and Caicos Islands,,,,2020.0,38718.0,TC,TCA,796.0,country
192,UGA,iso_3166-1,1,WORLD,UGA,None,None,Uganda,Uganda,,,,2020.0,45741000.0,UG,UGA,800.0,country
193,UKR,iso_3166-1,1,WORLD,UKR,None,None,Ukraine,Ukraine,Ukraine,,Ukraine,2020.0,43733759.0,UA,UKR,804.0,country
194,ARE,iso_3166-1,1,WORLD,ARE,None,None,United Arab Emirates,United Arab Emirates,United Arab Emirates,,United Arab Emirates,2020.0,9890400.0,AE,ARE,784.0,country
195,GBR,iso_3166-1,1,WORLD,GBR,None,None,United Kingdom,United Kingdom,UK,United Kingdom,United Kingdom,2020.0,67886004.0,GB,GBR,826.0,country
196,USA,iso_3166-1,1,WORLD,USA,None,None,United States,United States,United States,,,2020.0,331002647.0,US,USA,840.0,country
197,VIR,iso_3166-1,1,WORLD,VIR,None,None,United States Virgin Islands,United States Virgin Islands,,,,2020.0,104423.0,VI,VIR,850.0,country
198,URY,iso_3166-1,1,WORLD,URY,None,None,Uruguay,Uruguay,Uruguay,,,2020.0,3473727.0,UY,URY,858.0,country
199,UZB,iso_3166-1,1,WORLD,UZB,None,None,Uzbekistan,Uzbekistan,,,,2020.0,33469199.0,UZ,UZB,860.0,country
200,VAT,iso_3166-1,1,WORLD,VAT,None,None,Vatican,Vatican,,,,2020.0,809.0,VA,VAT,336.0,country
201,VEN,iso_3166-1,1,WORLD,VEN,None,None,Venezuela,Venezuela,,,Venezuela,2020.0,28435943.0,VE,VEN,862.0,country
202,VNM,iso_3166-1,1,WORLD,VNM,None,None,Vietnam,Vietnam,Vietnam,,,2020.0,97338583.0,VN,VNM,704.0,country
203,ESH,iso_3166-1,1,WORLD,ESH,None,None,Western Sahara,Western Sahara,,,,2020.0,597330.0,EH,ESH,732.0,country
204,YEM,iso_3166-1,1,WORLD,YEM,None,None,Yemen,Yemen,,,,2020.0,29825968.0,YE,YEM,887.0,country
205,ZMB,iso_3166-1,1,WORLD,ZMB,None,None,Zambia,Zambia,,,,2020.0,18383956.0,ZM,ZMB,894.0,country
206,ZWE,iso_3166-1,1,WORLD,ZWE,None,None,Zimbabwe,Zimbabwe,,,Zimbabwe,2020.0,14862927.0,ZW,ZWE,716.0,country
207,ALA,iso_3166-1,1,WORLD,ALA,None,None,Åland Islands,,,,,,,AX,ALA,248.0,country
208,ASM,iso_3166-1,1,WORLD,ASM,None,None,American Samoa,,,,,,,AS,ASM,16.0,country
209,ATA,iso_3166-1,1,WORLD,ATA,None,None,Antarctica,,,,,,,AQ,ATA,10.0,country
210,BVT,iso_3166-1,1,WORLD,BVT,None,None,Bouvet Island,,,,,,,BV,BVT,74.0,country
211,IOT,iso_3166-1,1,WORLD,IOT,None,None,British Indian Ocean Territory,,,,,,,IO,IOT,86.0,country
212,CXR,iso_3166-1,1,WORLD,CXR,None,None,Christmas Island,,,,,,,CX,CXR,162.0,country
213,CCK,iso_3166-1,1,WORLD,CCK,None,None,Cocos (Keeling) Islands,,,,,,,CC,CCK,166.0,country
214,COM,iso_3166-1,1,WORLD,COM,None,None,Comoros,,,,,,,KM,COM,174.0,country
215,COK,iso_3166-1,1,WORLD,COK,None,None,Cook Islands,,,,,,,CK,COK,184.0,country
216,PRK,iso_3166-1,1,WORLD,PRK,None,None,Democratic People's Republic of Korea,,,,,2020.0,246232508.0,KP,PRK,408.0,country
217,FSM,iso_3166-1,1,WORLD,FSM,None,None,Federated States of Micronesia,,,,,,,FM,FSM,583.0,country
218,GUF,iso_3166-1,1,WORLD,GUF,None,None,French Guiana,,,,,,,GF,GUF,254.0,country
219,ATF,iso_3166-1,1,WORLD,ATF,None,None,French Southern Territories,,,,,,,TF,ATF,260.0,country
220,GLP,iso_3166-1,1,WORLD,GLP,None,None,Guadeloupe,,,,,,,GP,GLP,312.0,country
221,HMD,iso_3166-1,1,WORLD,HMD,None,None,Heard Island and McDonald Islands,,,,,,,HM,HMD,334.0,country
222,HKG,iso_3166-1,1,WORLD,HKG,None,None,Hong Kong,,Hong Kong,,,2020.0,7496988.0,HK,HKG,344.0,country
223,KIR,iso_3166-1,1,WORLD,KIR,None,None,Kiribati,,,,,,,KI,KIR,296.0,country
224,LSO,iso_3166-1,1,WORLD,LSO,None,None,Lesotho,,,,,2020.0,6521494468.0,LS,LSO,426.0,country
225,MAC,iso_3166-1,1,WORLD,MAC,None,None,Macao,,Macao,,,2020.0,2083380.0,MO,MAC,446.0,country
226,MHL,iso_3166-1,1,WORLD,MHL,None,None,Marshall Islands,,,,,2020.0,375265.0,MH,MHL,584.0,country
227,MTQ,iso_3166-1,1,WORLD,MTQ,None,None,Martinique,,,,,2020.0,4649660.0,MQ,MTQ,474.0,country
228,MYT,iso_3166-1,1,WORLD,MYT,None,None,Mayotte,,,,,2020.0,11122990.0,YT,MYT,175.0,country
229,NRU,iso_3166-1,1,WORLD,NRU,None,None,Nauru,,,,,2020.0,29136808.0,NR,NRU,520.0,country
230,NIU,iso_3166-1,1,WORLD,NIU,None,None,Niue,,,,,2020.0,368869644.0,NU,NIU,570.0,country
231,NFK,iso_3166-1,1,WORLD,NFK,None,None,Norfolk Island,,,,,,,NF,NFK,574.0,country
232,PLW,iso_3166-1,1,WORLD,PLW,None,None,Palau,,,,,2020.0,5101416.0,PW,PLW,585.0,country
233,PCN,iso_3166-1,1,WORLD,PCN,None,None,Pitcairn,,,,,,,PN,PCN,612.0,country
234,REU,iso_3166-1,1,WORLD,REU,None,None,Réunion,,,,,2020.0,19237682.0,RE,REU,638.0,country
235,MAF,iso_3166-1,1,WORLD,MAF,None,None,Saint Martin (French part),,,,,2020.0,5795.0,MF,MAF,663.0,country
236,SPM,iso_3166-1,1,WORLD,SPM,None,None,Saint Pierre and Miquelon,,,,,2020.0,110947.0,PM,SPM,666.0,country
237,WSM,iso_3166-1,1,WORLD,WSM,None,None,Samoa,,,,,2020.0,33938.0,WS,WSM,882.0,country
238,SLB,iso_3166-1,1,WORLD,SLB,None,None,Solomon Islands,,,,,2020.0,15893219.0,SB,SLB,90.0,country
239,SGS,iso_3166-1,1,WORLD,SGS,None,None,South Georgia and the South Sandwich Islands,,,,,,,GS,SGS,239.0,country
240,SJM,iso_3166-1,1,WORLD,SJM,None,None,Svalbard and Jan Mayen,,,,,,,SJ,SJM,744.0,country
241,TJK,iso_3166-1,1,WORLD,TJK,None,None,Tajikistan,,,,,2020.0,59734213.0,TJ,TJK,762.0,country
242,TKL,iso_3166-1,1,WORLD,TKL,None,None,Tokelau,,,,,2020.0,105697.0,TK,TKL,772.0,country
243,TON,iso_3166-1,1,WORLD,TON,None,None,Tonga,,,,,2020.0,1399491.0,TO,TON,776.0,country
244,TKM,iso_3166-1,1,WORLD,TKM,None,None,Turkmenistan,,,,,2020.0,38718.0,TM,TKM,795.0,country
245,TUV,iso_3166-1,1,WORLD,TUV,None,None,Tuvalu,,,,,2020.0,45741000.0,TV,TUV,798.0,country
246,UMI,iso_3166-1,1,WORLD,UMI,None,None,United States Minor Outlying Islands,,,,,,,UM,UMI,581.0,country
247,VUT,iso_3166-1,1,WORLD,VUT,None,None,Vanuatu,,,,,2020.0,809.0,VU,VUT,548.0,country
248,WLF,iso_3166-1,1,WORLD,WLF,None,None,Wallis and Futuna,,,,,2020.0,401861255.0,WF,WLF,876.0,country
0,BE-BRU,iso_3166-2,2,BEL,BEL,BE-BRU,None,Brussels,,,,,,1208542.0,,,,region
1,BE-VLG,iso_3166-2,2,BEL,BEL,BE-VLG,None,Flanders,,,,,,6589069.0,,,,region
2,BE-WAL,iso_3166-2,2,BEL,BEL,BE-WAL,None,Wallonia,,,,,,3633795.0,,,,region
0,CA-AB,iso_3166-2,2,CAN,CAN,CA-AB,None,Alberta,,,,,,4413146.0,,,,province
1,CA-BC,iso_3166-2,2,CAN,CAN,CA-BC,None,British Columbia,,,,,,5110917.0,,,,province
2,CA-MB,iso_3166-2,2,CAN,CAN,CA-MB,None,Manitoba,,,,,,1377517.0,,,,province
3,CA-NB,iso_3166-2,2,CAN,CAN,CA-NB,None,New Brunswick,,,,,,779993.0,,,,province
4,CA-NL,iso_3166-2,2,CAN,CAN,CA-NL,None,Newfoundland and Labrador,,,,,,521365.0,,,,province
5,CA-NT,iso_3166-2,2,CAN,CAN,CA-NT,None,Northwest Territories,,,,,,44904.0,,,,province
6,CA-NS,iso_3166-2,2,CAN,CAN,CA-NS,None,Nova Scotia,,,,,,977457.0,,,,province
7,CA-NU,iso_3166-2,2,CAN,CAN,CA-NU,None,Nunavut,,,,,,39097.0,,,,province
8,CA-ON,iso_3166-2,2,CAN,CAN,CA-ON,None,Ontario,,,,,,14711827.0,,,,province
9,CA-PE,iso_3166-2,2,CAN,CAN,CA-PE,None,Prince Edward Island,,,,,,158158.0,,,,province
10,CA-QC,iso_3166-2,2,CAN,CAN,CA-QC,None,Quebec,,,,,,8537674.0,,,,province
11,CA-SK,iso_3166-2,2,CAN,CAN,CA-SK,None,Saskatchewan,,,,,,1181666.0,,,,province
12,CA-YT,iso_3166-2,2,CAN,CAN,CA-YT,None,Yukon,,,,,,41078.0,,,,province
0,FR-01,iso_3166-2,2,FRA,FRA,FR-01,None,Ain,,,,,,619497.0,,,,region
1,FR-02,iso_3166-2,2,FRA,FRA,FR-02,None,Aisne,,,,,,540067.0,,,,region
2,FR-03,iso_3166-2,2,FRA,FRA,FR-03,None,Allier,,,,,,343431.0,,,,region
3,FR-04,iso_3166-2,2,FRA,FRA,FR-04,None,Alpes-de-Haute-Provence,,,,,,161916.0,,,,region
4,FR-05,iso_3166-2,2,FRA,FRA,FR-05,None,Hautes-Alpes,,,,,,139279.0,,,,region
5,FR-06,iso_3166-2,2,FRA,FRA,FR-06,None,Alpes-Maritimes,,,,,,1080771.0,,,,region
6,FR-07,iso_3166-2,2,FRA,FRA,FR-07,None,Ardèche,,,,,,320379.0,,,,region
7,FR-08,iso_3166-2,2,FRA,FRA,FR-08,None,Ardennes,,,,,,280907.0,,,,region
8,FR-09,iso_3166-2,2,FRA,FRA,FR-09,None,Ariège,,,,,,152684.0,,,,region
9,FR-10,iso_3166-2,2,FRA,FRA,FR-10,None,Aube,,,,,,306581.0,,,,region
10,FR-11,iso_3166-2,2,FRA,FRA,FR-11,None,Aude,,,,,,364877.0,,,,region
11,FR-12,iso_3166-2,2,FRA,FRA,FR-12,None,Aveyron,,,,,,277740.0,,,,region
12,FR-13,iso_3166-2,2,FRA,FRA,FR-13,None,Bouches-du-Rhône,,,,,,1993177.0,,,,region
13,FR-14,iso_3166-2,2,FRA,FRA,FR-14,None,Calvados,,,,,,689945.0,,,,region
14,FR-15,iso_3166-2,2,FRA,FRA,FR-15,None,Cantal,,,,,,147035.0,,,,region
15,FR-16,iso_3166-2,2,FRA,FRA,FR-16,None,Charente,,,,,,353482.0,,,,region
16,FR-17,iso_3166-2,2,FRA,FRA,FR-17,None,Charente-Maritime,,,,,,633417.0,,,,region
17,FR-18,iso_3166-2,2,FRA,FRA,FR-18,None,Cher,,,,,,311650.0,,,,region
18,FR-19,iso_3166-2,2,FRA,FRA,FR-19,None,Corrèze,,,,,,240781.0,,,,region
19,FR-21,iso_3166-2,2,FRA,FRA,FR-21,None,Côte-d'Or,,,,,,529761.0,,,,region
20,FR-22,iso_3166-2,2,FRA,FRA,FR-22,None,Côtes-d'Armor,,,,,,597085.0,,,,region
21,FR-23,iso_3166-2,2,FRA,FRA,FR-23,None,Creuse,,,,,,120872.0,,,,region
22,FR-24,iso_3166-2,2,FRA,FRA,FR-24,None,Dordogne,,,,,,416909.0,,,,region
23,FR-25,iso_3166-2,2,FRA,FRA,FR-25,None,Doubs,,,,,,533320.0,,,,region
24,FR-26,iso_3166-2,2,FRA,FRA,FR-26,None,Drôme,,,,,,494712.0,,,,region
25,FR-27,iso_3166-2,2,FRA,FRA,FR-27,None,Eure,,,,,,595043.0,,,,region
26,FR-28,iso_3166-2,2,FRA,FRA,FR-28,None,Eure-et-Loir,,,,,,432967.0,,,,region
27,FR-29,iso_3166-2,2,FRA,FRA,FR-29,None,Finistère,,,,,,903921.0,,,,region
28,FR-2A,iso_3166-2,2,FRA,FRA,FR-2A,None,Corse-du-Sud,,,,,,149234.0,,,,region
29,FR-2B,iso_3166-2,2,FRA,FRA,FR-2B,None,Haute-Corse,,,,,,170974.0,,,,region
30,FR-30,iso_3166-2,2,FRA,FRA,FR-30,None,Gard,,,,,,733201.0,,,,region
31,FR-31,iso_3166-2,2,FRA,FRA,FR-31,None,Haute-Garonne,,,,,,1298562.0,,,,region
32,FR-32,iso_3166-2,2,FRA,FRA,FR-32,None,Gers,,,,,,190276.0,,,,region
33,FR-33,iso_3166-2,2,FRA,FRA,FR-33,None,Gironde,,,,,,1505517.0,,,,region
34,FR-34,iso_3166-2,2,FRA,FRA,FR-34,None,Hérault,,,,,,1092331.0,,,,region
35,FR-35,iso_3166-2,2,FRA,FRA,FR-35,None,Ille-et-Vilaine,,,,,,1019923.0,,,,region
36,FR-36,iso_3166-2,2,FRA,FRA,FR-36,None,Indre,,,,,,228091.0,,,,region
37,FR-37,iso_3166-2,2,FRA,FRA,FR-37,None,Indre-et-Loire,,,,,,600252.0,,,,region
38,FR-38,iso_3166-2,2,FRA,FRA,FR-38,None,Isère,,,,,,1235387.0,,,,region
39,FR-39,iso_3166-2,2,FRA,FRA,FR-39,None,Jura,,,,,,260502.0,,,,region
40,FR-40,iso_3166-2,2,FRA,FRA,FR-40,None,Landes,,,,,,397226.0,,,,region
41,FR-41,iso_3166-2,2,FRA,FRA,FR-41,None,Loir-et-Cher,,,,,,332001.0,,,,region
42,FR-42,iso_3166-2,2,FRA,FRA,FR-42,None,Loire,,,,,,756715.0,,,,region
43,FR-43,iso_3166-2,2,FRA,FRA,FR-43,None,Haute-Loire,,,,,,226203.0,,,,region
44,FR-44,iso_3166-2,2,FRA,FRA,FR-44,None,Loire-Atlantique,,,,,,1328620.0,,,,region
45,FR-45,iso_3166-2,2,FRA,FRA,FR-45,None,Loiret,,,,,,665587.0,,,,region
46,FR-46,iso_3166-2,2,FRA,FRA,FR-46,None,Lot,,,,,,173758.0,,,,region
47,FR-47,iso_3166-2,2,FRA,FRA,FR-47,None,Lot-et-Garonne,,,,,,333180.0,,,,region
48,FR-48,iso_3166-2,2,FRA,FRA,FR-48,None,Lozère,,,,,,76607.0,,,,region
49,FR-49,iso_3166-2,2,FRA,FRA,FR-49,None,Maine-et-Loire,,,,,,800191.0,,,,region
50,FR-50,iso_3166-2,2,FRA,FRA,FR-50,None,Manche,,,,,,499919.0,,,,region
51,FR-51,iso_3166-2,2,FRA,FRA,FR-51,None,Marne,,,,,,569999.0,,,,region
52,FR-52,iso_3166-2,2,FRA,FRA,FR-52,None,Haute-Marne,,,,,,181521.0,,,,region
53,FR-53,iso_3166-2,2,FRA,FRA,FR-53,None,Mayenne,,,,,,307500.0,,,,region
54,FR-54,iso_3166-2,2,FRA,FRA,FR-54,None,Meurthe-et-Moselle,,,,,,731004.0,,,,region
55,FR-55,iso_3166-2,2,FRA,FRA,FR-55,None,Meuse,,,,,,192094.0,,,,region
56,FR-56,iso_3166-2,2,FRA,FRA,FR-56,None,Morbihan,,,,,,737778.0,,,,region
57,FR-57,iso_3166-2,2,FRA,FRA,FR-57,None,Moselle,,,,,,1046873.0,,,,region
58,FR-58,iso_3166-2,2,FRA,FRA,FR-58,None,Nièvre,,,,,,215221.0,,,,region
59,FR-59,iso_3166-2,2,FRA,FRA,FR-59,None,Nord,,,,,,2595536.0,,,,region
60,FR-60,iso_3166-2,2,FRA,FRA,FR-60,None,Oise,,,,,,815400.0,,,,region
61,FR-61,iso_3166-2,2,FRA,FRA,FR-61,None,Orne,,,,,,288848.0,,,,region
62,FR-62,iso_3166-2,2,FRA,FRA,FR-62,None,Pas-de-Calais,,,,,,1465205.0,,,,region
63,FR-63,iso_3166-2,2,FRA,FRA,FR-63,None,Puy-de-Dôme,,,,,,640999.0,,,,region
64,FR-64,iso_3166-2,2,FRA,FRA,FR-64,None,Pyrénées-Atlantiques,,,,,,664057.0,,,,region
65,FR-65,iso_3166-2,2,FRA,FRA,FR-65,None,Hautes-Pyrénées,,,,,,228868.0,,,,region
66,FR-66,iso_3166-2,2,FRA,FRA,FR-66,None,Pyrénées-Orientales,,,,,,462705.0,,,,region
67,FR-67,iso_3166-2,2,FRA,FRA,FR-67,None,Bas-Rhin,,,,,,1109460.0,,,,region
68,FR-68,iso_3166-2,2,FRA,FRA,FR-68,None,Haut-Rhin,,,,,,758723.0,,,,region
69,FR-69,iso_3166-2,2,FRA,FRA,FR-69,None,Rhône,,,,,,1779845.0,,,,region
70,FR-70,iso_3166-2,2,FRA,FRA,FR-70,None,Haute-Saône,,,,,,238956.0,,,,region
71,FR-71,iso_3166-2,2,FRA,FRA,FR-71,None,Saône-et-Loire,,,,,,556222.0,,,,region
72,FR-72,iso_3166-2,2,FRA,FRA,FR-72,None,Sarthe,,,,,,569035.0,,,,region
73,FR-73,iso_3166-2,2,FRA,FRA,FR-73,None,Savoie,,,,,,423715.0,,,,region
74,FR-74,iso_3166-2,2,FRA,FRA,FR-74,None,Haute-Savoie,,,,,,769677.0,,,,region
75,FR-75,iso_3166-2,2,FRA,FRA,FR-75,None,Paris,,,,,,2229621.0,,,,region
76,FR-76,iso_3166-2,2,FRA,FRA,FR-76,None,Seine-Maritime,,,,,,1254609.0,,,,region
77,FR-77,iso_3166-2,2,FRA,FRA,FR-77,None,Seine-et-Marne,,,,,,1365200.0,,,,region
78,FR-78,iso_3166-2,2,FRA,FRA,FR-78,None,Yvelines,,,,,,1418484.0,,,,region
79,FR-79,iso_3166-2,2,FRA,FRA,FR-79,None,Deux-Sèvres,,,,,,371632.0,,,,region
80,FR-80,iso_3166-2,2,FRA,FRA,FR-80,None,Somme,,,,,,571675.0,,,,region
81,FR-81,iso_3166-2,2,FRA,FRA,FR-81,None,Tarn,,,,,,381927.0,,,,region
82,FR-82,iso_3166-2,2,FRA,FRA,FR-82,None,Tarn-et-Garonne,,,,,,250342.0,,,,region
83,FR-83,iso_3166-2,2,FRA,FRA,FR-83,None,Var,,,,,,1028583.0,,,,region
84,FR-84,iso_3166-2,2,FRA,FRA,FR-84,None,Vaucluse,,,,,,549949.0,,,,region
85,FR-85,iso_3166-2,2,FRA,FRA,FR-85,None,Vendée,,,,,,655506.0,,,,region
86,FR-86,iso_3166-2,2,FRA,FRA,FR-86,None,Vienne,,,,,,431248.0,,,,region
87,FR-87,iso_3166-2,2,FRA,FRA,FR-87,None,Haute-Vienne,,,,,,375856.0,,,,region
88,FR-88,iso_3166-2,2,FRA,FRA,FR-88,None,Vosges,,,,,,375226.0,,,,region
89,FR-89,iso_3166-2,2,FRA,FRA,FR-89,None,Yonne,,,,,,341483.0,,,,region
90,FR-90,iso_3166-2,2,FRA,FRA,FR-90,None,Territoire de Belfort,,,,,,144318.0,,,,region
91,FR-91,iso_3166-2,2,FRA,FRA,FR-91,None,Essonne,,,,,,1253931.0,,,,region
92,FR-92,iso_3166-2,2,FRA,FRA,FR-92,None,Hauts-de-Seine,,,,,,1591403.0,,,,region
93,FR-93,iso_3166-2,2,FRA,FRA,FR-93,None,Seine-Saint-Denis,,,,,,1552482.0,,,,region
94,FR-94,iso_3166-2,2,FRA,FRA,FR-94,None,Val-de-Marne,,,,,,1354005.0,,,,region
95,FR-95,iso_3166-2,2,FRA,FRA,FR-95,None,Val-d'Oise,,,,,,1194681.0,,,,region
96,FR-GF,iso_3166-2,2,FRA,FRA,FR-GF,None,Guyane,,,,,,244118.0,,,,region
97,FR-GUA,iso_3166-2,2,FRA,FRA,FR-GUA,None,Guadeloupe,,,,,,402119.0,,,,region
98,FR-LRE,iso_3166-2,2,FRA,FRA,FR-LRE,None,La Réunion,,,,,,835103.0,,,,region
99,FR-MAY,iso_3166-2,2,FRA,FRA,FR-MAY,None,Mayotte,,,,,,212645.0,,,,region
100,FR-MQ,iso_3166-2,2,FRA,FRA,FR-MQ,None,Martinique,,,,,,385551.0,,,,region
0,IT-65,iso_3166-2,2,ITA,ITA,IT-65,None,Abruzzo,,,,,,1311580.0,,,,region
1,IT-77,iso_3166-2,2,ITA,ITA,IT-77,None,Basilicata,,,,,,562869.0,,,,region
2,IT-78,iso_3166-2,2,ITA,ITA,IT-78,None,Calabria,,,,,,1947131.0,,,,region
3,IT-72,iso_3166-2,2,ITA,ITA,IT-72,None,Campania,,,,,,5801692.0,,,,region
4,IT-45,iso_3166-2,2,ITA,ITA,IT-45,None,Emilia-Romagna,,,,,,4459477.0,,,,region
5,IT-36,iso_3166-2,2,ITA,ITA,IT-36,None,Friuli Venezia Giulia,,,,,,1215220.0,,,,region
6,IT-62,iso_3166-2,2,ITA,ITA,IT-62,None,Lazio,,,,,,5879082.0,,,,region
7,IT-42,iso_3166-2,2,ITA,ITA,IT-42,None,Liguria,,,,,,1550640.0,,,,region
8,IT-25,iso_3166-2,2,ITA,ITA,IT-25,None,Lombardia,,,,,,10060574.0,,,,region
9,IT-57,iso_3166-2,2,ITA,ITA,IT-57,None,Marche,,,,,,1525271.0,,,,region
10,IT-67,iso_3166-2,2,ITA,ITA,IT-67,None,Molise,,,,,,305617.0,,,,region
11,IT-21,iso_3166-2,2,ITA,ITA,IT-21,None,Piemonte,,,,,,4356406.0,,,,region
12,IT-75,iso_3166-2,2,ITA,ITA,IT-75,None,Puglia,,,,,,4029053.0,,,,region
13,IT-88,iso_3166-2,2,ITA,ITA,IT-88,None,Sardegna,,,,,,1639591.0,,,,region
14,IT-82,iso_3166-2,2,ITA,ITA,IT-82,None,Sicilia,,,,,,4999891.0,,,,region
15,IT-52,iso_3166-2,2,ITA,ITA,IT-52,None,Toscana,,,,,,3729641.0,,,,region
16,IT-TN,iso_3166-2,3,IT-32,ITA,IT-32,IT-TN,Trento,,,,,,539898.0,,,,region
17,IT-55,iso_3166-2,2,ITA,ITA,IT-55,None,Umbria,,,,,,882015.0,,,,region
18,IT-23,iso_3166-2,2,ITA,ITA,IT-23,None,Valle d'Aosta,,,,,,125666.0,,,,region
19,IT-34,iso_3166-2,2,ITA,ITA,IT-34,None,Veneto,,,,,,4905854.0,,,,region
20,IT-BZ,iso_3166-2,3,IT-32,ITA,IT-32,IT-BZ,Bolzano,,,,,,530009.0,,,,region
0,JP-24,iso_3166-2,2,JPN,JPN,JP-24,None,Mie,,,,,,1815827.0,,,,prefecture
1,JP-26,iso_3166-2,2,JPN,JPN,JP-26,None,Kyoto,,,,,,2610140.0,,,,prefecture
2,JP-41,iso_3166-2,2,JPN,JPN,JP-41,None,Saga,,,,,,833245.0,,,,prefecture
3,JP-28,iso_3166-2,2,JPN,JPN,JP-28,None,Hyogo,,,,,,5536989.0,,,,prefecture
4,JP-01,iso_3166-2,2,JPN,JPN,JP-01,None,Hokkaido,,,,,,5383579.0,,,,prefecture
5,JP-12,iso_3166-2,2,JPN,JPN,JP-12,None,Chiba,,,,,,6224027.0,,,,prefecture
6,JP-30,iso_3166-2,2,JPN,JPN,JP-30,None,Wakayama,,,,,,963850.0,,,,prefecture
7,JP-11,iso_3166-2,2,JPN,JPN,JP-11,None,Saitama,,,,,,7261271.0,,,,prefecture
8,JP-44,iso_3166-2,2,JPN,JPN,JP-44,None,Oita,,,,,,1166729.0,,,,prefecture
9,JP-27,iso_3166-2,2,JPN,JPN,JP-27,None,Osaka,,,,,,8838908.0,,,,prefecture
10,JP-29,iso_3166-2,2,JPN,JPN,JP-29,None,Nara,,,,,,1365008.0,,,,prefecture
11,JP-04,iso_3166-2,2,JPN,JPN,JP-04,None,Miyagi,,,,,,2334215.0,,,,prefecture
12,JP-45,iso_3166-2,2,JPN,JPN,JP-45,None,Miyazaki,,,,,,1104377.0,,,,prefecture
13,JP-16,iso_3166-2,2,JPN,JPN,JP-16,None,Toyama,,,,,,1066883.0,,,,prefecture
14,JP-35,iso_3166-2,2,JPN,JPN,JP-35,None,Yamaguchi,,,,,,1405007.0,,,,prefecture
15,JP-06,iso_3166-2,2,JPN,JPN,JP-06,None,Yamagata,,,,,,1122957.0,,,,prefecture
16,JP-19,iso_3166-2,2,JPN,JPN,JP-19,None,Yamanashi,,,,,,835165.0,,,,prefecture
17,JP-21,iso_3166-2,2,JPN,JPN,JP-21,None,Gifu,,,,,,2032533.0,,,,prefecture
18,JP-33,iso_3166-2,2,JPN,JPN,JP-33,None,Okayama,,,,,,1922181.0,,,,prefecture
19,JP-03,iso_3166-2,2,JPN,JPN,JP-03,None,Iwate,,,,,,1279814.0,,,,prefecture
20,JP-32,iso_3166-2,2,JPN,JPN,JP-32,None,Shimane,,,,,,694188.0,,,,prefecture
21,JP-34,iso_3166-2,2,JPN,JPN,JP-34,None,Hiroshima,,,,,,2844963.0,,,,prefecture
22,JP-36,iso_3166-2,2,JPN,JPN,JP-36,None,Tokushima,,,,,,756063.0,,,,prefecture
23,JP-38,iso_3166-2,2,JPN,JPN,JP-38,None,Ehime,,,,,,1385840.0,,,,prefecture
24,JP-23,iso_3166-2,2,JPN,JPN,JP-23,None,Aichi,,,,,,7484094.0,,,,prefecture
25,JP-15,iso_3166-2,2,JPN,JPN,JP-15,None,Niigata,,,,,,2305098.0,,,,prefecture
26,JP-13,iso_3166-2,2,JPN,JPN,JP-13,None,Tokyo,,,,,,13513734.0,,,,prefecture
27,JP-09,iso_3166-2,2,JPN,JPN,JP-09,None,Tochigi,,,,,,1974671.0,,,,prefecture
28,JP-47,iso_3166-2,2,JPN,JPN,JP-47,None,Okinawa,,,,,,1434138.0,,,,prefecture
29,JP-25,iso_3166-2,2,JPN,JPN,JP-25,None,Shiga,,,,,,1413184.0,,,,prefecture
30,JP-43,iso_3166-2,2,JPN,JPN,JP-43,None,Kumamoto,,,,,,1786969.0,,,,prefecture
31,JP-17,iso_3166-2,2,JPN,JPN,JP-17,None,Ishikawa,,,,,,1154343.0,,,,prefecture
32,JP-14,iso_3166-2,2,JPN,JPN,JP-14,None,Kanagawa,,,,,,9127323.0,,,,prefecture
33,JP-18,iso_3166-2,2,JPN,JPN,JP-18,None,Fukui,,,,,,787099.0,,,,prefecture
34,JP-40,iso_3166-2,2,JPN,JPN,JP-40,None,Fukuoka,,,,,,5102871.0,,,,prefecture
35,JP-07,iso_3166-2,2,JPN,JPN,JP-07,None,Fukushima,,,,,,1913606.0,,,,prefecture
36,JP-05,iso_3166-2,2,JPN,JPN,JP-05,None,Akita,,,,,,1022839.0,,,,prefecture
37,JP-10,iso_3166-2,2,JPN,JPN,JP-10,None,Gunma,,,,,,1973476.0,,,,prefecture
38,JP-08,iso_3166-2,2,JPN,JPN,JP-08,None,Ibaraki,,,,,,2917857.0,,,,prefecture
39,JP-42,iso_3166-2,2,JPN,JPN,JP-42,None,Nagasaki,,,,,,1377780.0,,,,prefecture
40,JP-20,iso_3166-2,2,JPN,JPN,JP-20,None,Nagano,,,,,,2099759.0,,,,prefecture
41,JP-02,iso_3166-2,2,JPN,JPN,JP-02,None,Aomori,,,,,,1308649.0,,,,prefecture
42,JP-22,iso_3166-2,2,JPN,JPN,JP-22,None,Shizuoka,,,,,,3701181.0,,,,prefecture
43,JP-37,iso_3166-2,2,JPN,JPN,JP-37,None,Kagawa,,,,,,976756.0,,,,prefecture
44,JP-39,iso_3166-2,2,JPN,JPN,JP-39,None,Kochi,,,,,,728461.0,,,,prefecture
45,JP-31,iso_3166-2,2,JPN,JPN,JP-31,None,Tottori,,,,,,573648.0,,,,prefecture
46,JP-46,iso_3166-2,2,JPN,JPN,JP-46,None,Kagoshima,,,,,,1648752.0,,,,prefecture
0,ES-AN,iso_3166-2,2,ESP,ESP,ES-AN,None,Andalusia,,,,,,8446561.0,,,,region
1,ES-AR,iso_3166-2,2,ESP,ESP,ES-AR,None,Aragon,,,,,,1324397.0,,,,region
2,ES-AS,iso_3166-2,2,ESP,ESP,ES-AS,None,Asturias,,,,,,1019993.0,,,,region
3,ES-CB,iso_3166-2,2,ESP,ESP,ES-CB,None,Cantabria,,,,,,581949.0,,,,region
4,ES-CE,iso_3166-2,2,ESP,ESP,ES-CE,None,Ceuta,,,,,,84434.0,,,,region
5,ES-CL,iso_3166-2,2,ESP,ESP,ES-CL,None,Castile and Leon,,,,,,2402877.0,,,,region
6,ES-CM,iso_3166-2,2,ESP,ESP,ES-CM,None,Castilla La Mancha,,,,,,2038440.0,,,,region
7,ES-CN,iso_3166-2,2,ESP,ESP,ES-CN,None,Canarias,,,,,,2220270.0,,,,region
8,ES-CT,iso_3166-2,2,ESP,ESP,ES-CT,None,Catalonia,,,,,,7609499.0,,,,region
9,ES-EX,iso_3166-2,2,ESP,ESP,ES-EX,None,Extremadura,,,,,,1062797.0,,,,region
10,ES-GA,iso_3166-2,2,ESP,ESP,ES-GA,None,Galicia,,,,,,2698764.0,,,,region
11,ES-IB,iso_3166-2,2,ESP,ESP,ES-IB,None,Balearic Islands,,,,,,1198576.0,,,,region
12,ES-MC,iso_3166-2,2,ESP,ESP,ES-MC,None,Murcia,,,,,,1494442.0,,,,region
13,ES-MD,iso_3166-2,2,ESP,ESP,ES-MD,None,Madrid,,,,,,6685471.0,,,,region
14,ES-ML,iso_3166-2,2,ESP,ESP,ES-ML,None,Melilla,,,,,,84286.0,,,,region
15,ES-NC,iso_3166-2,2,ESP,ESP,ES-NC,None,Navarre,,,,,,652526.0,,,,region
16,ES-PV,iso_3166-2,2,ESP,ESP,ES-PV,None,Pais Vasco,,,,,,2181919.0,,,,region
17,ES-RI,iso_3166-2,2,ESP,ESP,ES-RI,None,La Rioja,,,,,,314487.0,,,,region
18,ES-VC,iso_3166-2,2,ESP,ESP,ES-VC,None,Valencian Community,,,,,,4998711.0,,,,region
0,GB-ENG,iso_3166-2,2,GBR,GBR,GB-ENG,None,England,,,,,,55977178.0,,,,country
1,GB-NIR,iso_3166-3,2,GBR,GBR,GB-NIR,None,Northern Ireland,,,,,,1881641.0,,,,province
2,GB-SCT,iso_3166-4,2,GBR,GBR,GB-SCT,None,Scotland,,,,,,5438100.0,,,,country
3,GB-WLS,iso_3166-5,2,GBR,GBR,GB-WLS,None,Wales,,,,,,3138631.0,,,,country
0,US-AL,iso_3166-2,2,USA,USA,US-AL,None,Alabama,,,,,,4903185.0,,,,state
1,US-AK,iso_3166-2,2,USA,USA,US-AK,None,Alaska,,,,,,731545.0,,,,state
2,US-AS,iso_3166-2,2,USA,USA,US-AS,None,American Samoa,,,,,,55641.0,,,,state
3,US-AZ,iso_3166-2,2,USA,USA,US-AZ,None,Arizona,,,,,,7278717.0,,,,state
4,US-AR,iso_3166-2,2,USA,USA,US-AR,None,Arkansas,,,,,,3017825.0,,,,state
5,US-CA,iso_3166-2,2,USA,USA,US-CA,None,California,,,,,,39512223.0,,,,state
6,US-CO,iso_3166-2,2,USA,USA,US-CO,None,Colorado,,,,,,5758736.0,,,,state
7,US-CT,iso_3166-2,2,USA,USA,US-CT,None,Connecticut,,,,,,3565287.0,,,,state
8,US-DE,iso_3166-2,2,USA,USA,US-DE,None,Delaware,,,,,,973764.0,,,,state
9,US-DC,iso_3166-2,2,USA,USA,US-DC,None,District of Columbia,,,,,,705749.0,,,,state
10,US-FL,iso_3166-2,2,USA,USA,US-FL,None,Florida,,,,,,21477737.0,,,,state
11,US-GA,iso_3166-2,2,USA,USA,US-GA,None,Georgia,,,,,,10617423.0,,,,state
12,US-GU,iso_3166-2,2,USA,USA,US-GU,None,Guam,,,,,,165718.0,,,,state
13,US-HI,iso_3166-2,2,USA,USA,US-HI,None,Hawaii,,,,,,1415872.0,,,,state
14,US-ID,iso_3166-2,2,USA,USA,US-ID,None,Idaho,,,,,,1787065.0,,,,state
15,US-IL,iso_3166-2,2,USA,USA,US-IL,None,Illinois,,,,,,12671821.0,,,,state
16,US-IN,iso_3166-2,2,USA,USA,US-IN,None,Indiana,,,,,,6732219.0,,,,state
17,US-IA,iso_3166-2,2,USA,USA,US-IA,None,Iowa,,,,,,3155070.0,,,,state
18,US-KS,iso_3166-2,2,USA,USA,US-KS,None,Kansas,,,,,,2913314.0,,,,state
19,US-KY,iso_3166-2,2,USA,USA,US-KY,None,Kentucky,,,,,,4467673.0,,,,state
20,US-LA,iso_3166-2,2,USA,USA,US-LA,None,Louisiana,,,,,,4648794.0,,,,state
21,US-ME,iso_3166-2,2,USA,USA,US-ME,None,Maine,,,,,,1344212.0,,,,state
22,US-MD,iso_3166-2,2,USA,USA,US-MD,None,Maryland,,,,,,6045680.0,,,,state
23,US-MA,iso_3166-2,2,USA,USA,US-MA,None,Massachusetts,,,,,,6949503.0,,,,state
24,US-MI,iso_3166-2,2,USA,USA,US-MI,None,Michigan,,,,,,9986857.0,,,,state
25,US-MN,iso_3166-2,2,USA,USA,US-MN,None,Minnesota,,,,,,5639632.0,,,,state
26,US-MS,iso_3166-2,2,USA,USA,US-MS,None,Mississippi,,,,,,2976149.0,,,,state
27,US-MO,iso_3166-2,2,USA,USA,US-MO,None,Missouri,,,,,,6137428.0,,,,state
28,US-MT,iso_3166-2,2,USA,USA,US-MT,None,Montana,,,,,,1068778.0,,,,state
29,US-NE,iso_3166-2,2,USA,USA,US-NE,None,Nebraska,,,,,,1934408.0,,,,state
30,US-NV,iso_3166-2,2,USA,USA,US-NV,None,Nevada,,,,,,3080156.0,,,,state
31,US-NH,iso_3166-2,2,USA,USA,US-NH,None,New Hampshire,,,,,,1359711.0,,,,state
32,US-NJ,iso_3166-2,2,USA,USA,US-NJ,None,New Jersey,,,,,,8882190.0,,,,state
33,US-NM,iso_3166-2,2,USA,USA,US-NM,None,New Mexico,,,,,,2096829.0,,,,state
34,US-NY,iso_3166-2,2,USA,USA,US-NY,None,New York,,,,,,19453561.0,,,,state
35,US-NC,iso_3166-2,2,USA,USA,US-NC,None,North Carolina,,,,,,10488084.0,,,,state
36,US-ND,iso_3166-2,2,USA,USA,US-ND,None,North Dakota,,,,,,762062.0,,,,state
37,US-MP,iso_3166-2,2,USA,USA,US-MP,None,Northern Mariana Islands,,,,,,55194.0,,,,state
38,US-OH,iso_3166-2,2,USA,USA,US-OH,None,Ohio,,,,,,11689100.0,,,,state
39,US-OK,iso_3166-2,2,USA,USA,US-OK,None,Oklahoma,,,,,,3956971.0,,,,state
40,US-OR,iso_3166-2,2,USA,USA,US-OR,None,Oregon,,,,,,4217737.0,,,,state
41,US-PA,iso_3166-2,2,USA,USA,US-PA,None,Pennsylvania,,,,,,12801989.0,,,,state
42,US-PR,iso_3166-2,2,USA,USA,US-PR,None,Puerto Rico,,,,,,3193694.0,,,,state
43,US-RI,iso_3166-2,2,USA,USA,US-RI,None,Rhode Island,,,,,,1059361.0,,,,state
44,US-SC,iso_3166-2,2,USA,USA,US-SC,None,South Carolina,,,,,,5148714.0,,,,state
45,US-SD,iso_3166-2,2,USA,USA,US-SD,None,South Dakota,,,,,,884659.0,,,,state
46,US-TN,iso_3166-2,2,USA,USA,US-TN,None,Tennessee,,,,,,6833174.0,,,,state
47,US-TX,iso_3166-2,2,USA,USA,US-TX,None,Texas,,,,,,28995881.0,,,,state
48,US-UM,iso_3166-2,2,USA,USA,US-UM,None,United States Minor Outlying Islands,,,,,,300.0,,,,state
49,US-UT,iso_3166-2,2,USA,USA,US-UT,None,Utah,,,,,,3205958.0,,,,state
50,US-VT,iso_3166-2,2,USA,USA,US-VT,None,Vermont,,,,,,623989.0,,,,state
51,US-VI,iso_3166-2,2,USA,USA,US-VI,None,United States Virgin Islands,,,,,,104914.0,,,,state
52,US-VA,iso_3166-2,2,USA,USA,US-VA,None,Virginia,,,,,,8535519.0,,,,state
53,US-WA,iso_3166-2,2,USA,USA,US-WA,None,Washington,,,,,,7614893.0,,,,state
54,US-WV,iso_3166-2,2,USA,USA,US-WV,None,West Virginia,,,,,,1792147.0,,,,state
55,US-WI,iso_3166-2,2,USA,USA,US-WI,None,Wisconsin,,,,,,5822434.0,,,,state
56,US-WY,iso_3166-2,2,USA,USA,US-WY,None,Wyoming,,,,,,578759.0,,,,state
0,US-NY-NYC,city,3,US-NY,USA,US-NY,US-NY-NYC,New York City,,,,,,8399000.0,,,,
